[{"model": "area.area", "pk": 1, "fields": {"registration_area_id": "INF.111111", "name_area": "INFORMÁTICA", "acronym": "INF", "exchange_area": true, "is_high_school": true, "blocks": [1, 2, 3, 4, 5]}}, {"model": "area.area", "pk": 2, "fields": {"registration_area_id": "ADS.222222", "name_area": "TECNOLOGIA EM ANÁLISE E DESENVOLVIMENTO DE SISTEMAS", "acronym": "ADS", "exchange_area": true, "is_high_school": false, "blocks": [1]}}, {"model": "area.area", "pk": 3, "fields": {"registration_area_id": "DSI.333333", "name_area": "DESENVOLVIMENTO DE SISTEMAS", "acronym": "DSI", "exchange_area": true, "is_high_school": true, "blocks": [1, 2, 3, 4, 5]}}, {"model": "area.blockk", "pk": 1, "fields": {"registration_block_id": "TEC.121212", "name_block": "TÉCNICO", "acronym": "TÉC"}}, {"model": "area.blockk", "pk": 2, "fields": {"registration_block_id": "MAT.131313", "name_block": "MATEMÁTICA", "acronym": "MAT"}}, {"model": "area.blockk", "pk": 3, "fields": {"registration_block_id": "CNA.151515", "name_block": "CIÊNCIAS DA NATUREZA", "acronym": "CNA"}}, {"model": "area.blockk", "pk": 4, "fields": {"registration_block_id": "HUM.141414", "name_block": "HUMANAS", "acronym": "HUM"}}, {"model": "area.blockk", "pk": 5, "fields": {"registration_block_id": "LNG.161616", "name_block": "LINGUAGENS", "acronym": "LNG"}}, {"model": "classs.classs", "pk": 1, "fields": {"registration_class_id": "213.A", "period": "morning", "semester": 2, "area": 1}}, {"model": "classs.classs", "pk": 2, "fields": {"registration_class_id": "213.B", "period": "morning", "semester": 2, "area": 1}}, {"model": "classs.classs", "pk": 3, "fields": {"registration_class_id": "231.A", "period": "afternoon", "semester": 2, "area": 1}}, {"model": "classs.classs", "pk": 4, "fields": {"registration_class_id": "231.B", "period": "afternoon", "semester": 2, "area": 1}}, {"model": "classs.classs", "pk": 5, "fields": {"registration_class_id": "313.A", "period": "morning", "semester": 2, "area": 1}}, {"model": "classs.classs", "pk": 6, "fields": {"registration_class_id": "313.B", "period": "morning", "semester": 2, "area": 1}}, {"model": "classs.classs", "pk": 7, "fields": {"registration_class_id": "331.A", "period": "afternoon", "semester": 2, "area": 1}}, {"model": "classs.classs", "pk": 8, "fields": {"registration_class_id": "331.B", "period": "afternoon", "semester": 2, "area": 1}}, {"model": "classs.classs", "pk": 9, "fields": {"registration_class_id": "413", "period": "night", "semester": 2, "area": 1}}, {"model": "classs.classs", "pk": 10, "fields": {"registration_class_id": "431", "period": "night", "semester": 2, "area": 1}}, {"model": "classs.classs", "pk": 11, "fields": {"registration_class_id": "TA1.A", "period": "night", "semester": 1, "area": 2}}, {"model": "classs.classs", "pk": 12, "fields": {"registration_class_id": "TA2.A", "period": "night", "semester": 1, "area": 2}}, {"model": "classs.classs", "pk": 13, "fields": {"registration_class_id": "TA3.A", "period": "night", "semester": 1, "area": 2}}, {"model": "classs.classs", "pk": 14, "fields": {"registration_class_id": "TA4M.A", "period": "morning", "semester": 1, "area": 2}}, {"model": "classs.classs", "pk": 15, "fields": {"registration_class_id": "TA4N.A", "period": "night", "semester": 1, "area": 2}}, {"model": "classs.classs", "pk": 16, "fields": {"registration_class_id": "TA5.A", "period": "night", "semester": 1, "area": 2}}, {"model": "classs.classs", "pk": 17, "fields": {"registration_class_id": "TA6M.A", "period": "morning", "semester": 1, "area": 2}}, {"model": "classs.classs", "pk": 18, "fields": {"registration_class_id": "TA6N.A", "period": "night", "semester": 1, "area": 2}}, {"model": "classs.classs", "pk": 19, "fields": {"registration_class_id": "113.A", "period": "morning", "semester": 2, "area": 3}}, {"model": "classs.classs", "pk": 20, "fields": {"registration_class_id": "113.B", "period": "morning", "semester": 2, "area": 3}}, {"model": "classs.classs", "pk": 21, "fields": {"registration_class_id": "131.B", "period": "afternoon", "semester": 2, "area": 3}}, {"model": "classs.classs", "pk": 22, "fields": {"registration_class_id": "131.A", "period": "afternoon", "semester": 2, "area": 3}}, {"model": "classs.classs", "pk": 23, "fields": {"registration_class_id": "TA1.B", "period": "night", "semester": 1, "area": 2}}, {"model": "classs.classs", "pk": 24, "fields": {"registration_class_id": "TA2.B", "period": "night", "semester": 1, "area": 2}}, {"model": "classs.classs", "pk": 25, "fields": {"registration_class_id": "TA3.B", "period": "night", "semester": 1, "area": 2}}, {"model": "classs.classs", "pk": 26, "fields": {"registration_class_id": "TA4M.B", "period": "night", "semester": 1, "area": 2}}, {"model": "classs.classs", "pk": 27, "fields": {"registration_class_id": "TA4N.B", "period": "night", "semester": 1, "area": 2}}, {"model": "classs.classs", "pk": 28, "fields": {"registration_class_id": "TA5.B", "period": "night", "semester": 1, "area": 2}}, {"model": "classs.classs", "pk": 29, "fields": {"registration_class_id": "TA6N.B", "period": "night", "semester": 1, "area": 2}}, {"model": "classs.classs", "pk": 30, "fields": {"registration_class_id": "TA6M.B", "period": "night", "semester": 1, "area": 2}}, {"model": "course.course", "pk": 1, "fields": {"registration_course_id": "INT.09034", "name_course": "LÍNGUA PORTUGUESA 1", "acronym": "SPOLPL1", "area": 3, "blockk": 5}}, {"model": "course.course", "pk": 2, "fields": {"registration_course_id": "INT.09039", "name_course": "EDUCAÇÃO FÍSICA 1", "acronym": "SPOEFI1", "area": 3, "blockk": 5}}, {"model": "course.course", "pk": 3, "fields": {"registration_course_id": "INT.09043", "name_course": "INGLÊS 1", "acronym": "SPOING1", "area": 3, "blockk": 5}}, {"model": "course.course", "pk": 4, "fields": {"registration_course_id": "INT.09045", "name_course": "MATEMÁTICA 1", "acronym": "SPOMAT1", "area": 3, "blockk": 2}}, {"model": "course.course", "pk": 5, "fields": {"registration_course_id": "INT.09047", "name_course": "BIOLOGIA E PROGRAMA DE SAÚDE 1", "acronym": "SPOBIO1", "area": 3, "blockk": 3}}, {"model": "course.course", "pk": 6, "fields": {"registration_course_id": "INT.09051", "name_course": "FÍSICA 1", "acronym": "SPOFIS1", "area": 3, "blockk": 3}}, {"model": "course.course", "pk": 7, "fields": {"registration_course_id": "INT.09054", "name_course": "QUÍMICA 1", "acronym": "SPOQUI1", "area": 3, "blockk": 3}}, {"model": "course.course", "pk": 8, "fields": {"registration_course_id": "INT.09056", "name_course": "GEOGRAFIA 1", "acronym": "SPOGEO1", "area": 3, "blockk": 4}}, {"model": "course.course", "pk": 9, "fields": {"registration_course_id": "INT.09060", "name_course": "SOCIOLOGIA 1", "acronym": "SPOSOC1", "area": 1, "blockk": 4}}, {"model": "course.course", "pk": 10, "fields": {"registration_course_id": "INT.09062", "name_course": "LÓGICA DE PROGRAMAÇÃO", "acronym": "SPOLOGP", "area": 3, "blockk": 1}}, {"model": "course.course", "pk": 11, "fields": {"registration_course_id": "INT.09065", "name_course": "DESENVOLVIMENTO", "acronym": "SPOIFDS", "area": 3, "blockk": 1}}, {"model": "course.course", "pk": 12, "fields": {"registration_course_id": "INT.09067", "name_course": "PRINCÍPIOS DE DESENVOLVIMENTO WEB", "acronym": "SPOPWEB", "area": 3, "blockk": 1}}, {"model": "course.course", "pk": 13, "fields": {"registration_course_id": "INT.09069", "name_course": "ARQUITETURA DE COMPUTADORES E DE REDES", "acronym": "SPOACRE", "area": 3, "blockk": 1}}, {"model": "course.course", "pk": 14, "fields": {"registration_course_id": "INT.06098", "name_course": "BIOLOGIA E PROGRAMA DE SAÚDE 2", "acronym": "BPS-2", "area": 1, "blockk": 3}}, {"model": "course.course", "pk": 15, "fields": {"registration_course_id": "INT.06101", "name_course": "EDUCAÇÃO FÍSICA", "acronym": "EFI-2", "area": 1, "blockk": 5}}, {"model": "course.course", "pk": 16, "fields": {"registration_course_id": "INT.06189", "name_course": "LINGUAGEM DE PROGRAMAÇÃO", "acronym": "LP1-2", "area": 1, "blockk": 1}}, {"model": "course.course", "pk": 17, "fields": {"registration_course_id": "INT.06190", "name_course": "MATEMÁTICA", "acronym": "MAT-2", "area": 1, "blockk": 2}}, {"model": "course.course", "pk": 18, "fields": {"registration_course_id": "INT.06202", "name_course": "BANCO DE DADOS", "acronym": "BDD-2", "area": 1, "blockk": 1}}, {"model": "course.course", "pk": 19, "fields": {"registration_course_id": "INT.06204", "name_course": "REDES DE COMPUTADORES E INTERNET", "acronym": "RDI-2", "area": 1, "blockk": 1}}, {"model": "course.course", "pk": 20, "fields": {"registration_course_id": "INT.06218", "name_course": "LÍNGUA PORTUGUESA E LITERATURA BRASILEIRA", "acronym": "LPL-2", "area": 1, "blockk": 5}}, {"model": "course.course", "pk": 21, "fields": {"registration_course_id": "INT.06220", "name_course": "QUÍMICA", "acronym": "QUI-2", "area": 1, "blockk": 3}}, {"model": "course.course", "pk": 22, "fields": {"registration_course_id": "INT.06256", "name_course": "FÍSICA", "acronym": "FIS-2", "area": 1, "blockk": 3}}, {"model": "course.course", "pk": 23, "fields": {"registration_course_id": "INT.06257", "name_course": "FILOSOFIA", "acronym": "FIL-2", "area": 1, "blockk": 4}}, {"model": "course.course", "pk": 24, "fields": {"registration_course_id": "INT.06258", "name_course": "SOCIOLOGIA", "acronym": "SOC-2", "area": 1, "blockk": 4}}, {"model": "course.course", "pk": 25, "fields": {"registration_course_id": "INT.06259", "name_course": "HISTÓRIA", "acronym": "HIS-2", "area": 1, "blockk": 4}}, {"model": "course.course", "pk": 26, "fields": {"registration_course_id": "INT.06260", "name_course": "GEOGRAFIA", "acronym": "GEO-2", "area": 1, "blockk": 4}}, {"model": "course.course", "pk": 27, "fields": {"registration_course_id": "INT.06261", "name_course": "INGLÊS TÉCNICO", "acronym": "ING-2", "area": 1, "blockk": 5}}, {"model": "course.course", "pk": 28, "fields": {"registration_course_id": "INT.06328", "name_course": "LÓGICA 2", "acronym": "LG2-2", "area": 1, "blockk": 1}}, {"model": "course.course", "pk": 29, "fields": {"registration_course_id": "INT.06338", "name_course": "PROJETO INTEGRADO", "acronym": "PJI-2", "area": 1, "blockk": 1}}, {"model": "course.course", "pk": 30, "fields": {"registration_course_id": "INT.06125", "name_course": "LABORATÓRIO DE FÍSICA", "acronym": "LFS-3", "area": 1, "blockk": 3}}, {"model": "course.course", "pk": 31, "fields": {"registration_course_id": "INT.06128", "name_course": "MATEMÁTICA", "acronym": "MAT-3", "area": 1, "blockk": 2}}, {"model": "course.course", "pk": 32, "fields": {"registration_course_id": "INT.06230", "name_course": "LÍNGUA PORTUGUESA E LITERATURA BRASILEIRA", "acronym": "LPL-3", "area": 1, "blockk": 5}}, {"model": "course.course", "pk": 33, "fields": {"registration_course_id": "INT.06231", "name_course": "EDUCAÇÃO FÍSICA", "acronym": "EFI-3", "area": 1, "blockk": 5}}, {"model": "course.course", "pk": 34, "fields": {"registration_course_id": "INT.06232", "name_course": "BIOLOGIA E PROGRAMA DE SAÚDE", "acronym": "BPS-3", "area": 1, "blockk": 3}}, {"model": "course.course", "pk": 35, "fields": {"registration_course_id": "INT.06233", "name_course": "FÍSICA", "acronym": "FIS-3", "area": 1, "blockk": 3}}, {"model": "course.course", "pk": 36, "fields": {"registration_course_id": "INT.06234", "name_course": "QUÍMICA", "acronym": "QUI-3", "area": 1, "blockk": 3}}, {"model": "course.course", "pk": 37, "fields": {"registration_course_id": "INT.06235", "name_course": "FILOSOFIA", "acronym": "FIL-3", "area": 1, "blockk": 4}}, {"model": "course.course", "pk": 38, "fields": {"registration_course_id": "INT.06236", "name_course": "SOCIOLOGIA", "acronym": "SOC-3", "area": 1, "blockk": 4}}, {"model": "course.course", "pk": 39, "fields": {"registration_course_id": "INT.06237", "name_course": "HISTÓRIA", "acronym": "HIS-3", "area": 1, "blockk": 4}}, {"model": "course.course", "pk": 40, "fields": {"registration_course_id": "INT.06238", "name_course": "GEOGRAFIA", "acronym": "GEO-3", "area": 1, "blockk": 4}}, {"model": "course.course", "pk": 41, "fields": {"registration_course_id": "INT.06330", "name_course": "LINGUAGEM DE PROGRAMAÇÃO 2", "acronym": "LP2-3", "area": 1, "blockk": 1}}, {"model": "course.course", "pk": 42, "fields": {"registration_course_id": "INT.06331", "name_course": "LINGUAGEM DE PROGRAMAÇÃO 3", "acronym": "LP3-3", "area": 1, "blockk": 1}}, {"model": "course.course", "pk": 43, "fields": {"registration_course_id": "INT.06332", "name_course": "TEORIA E DESENVOLVIMENTO DE SISTEMAS", "acronym": "TDS-3", "area": 1, "blockk": 1}}, {"model": "course.course", "pk": 44, "fields": {"registration_course_id": "INT.06333", "name_course": "APLICAÇÕES PARA WEB 1", "acronym": "AW1-3", "area": 1, "blockk": 1}}, {"model": "course.course", "pk": 45, "fields": {"registration_course_id": "INT.06339", "name_course": "TÓPICOS PROFISSIONAIS", "acronym": "TPO-3", "area": 1, "blockk": 1}}, {"model": "course.course", "pk": 46, "fields": {"registration_course_id": "INT.06244", "name_course": "ARTES", "acronym": "ART-4", "area": 1, "blockk": 5}}, {"model": "course.course", "pk": 47, "fields": {"registration_course_id": "INT.06246", "name_course": "FILOSOFIA", "acronym": "FIL-4", "area": 1, "blockk": 4}}, {"model": "course.course", "pk": 48, "fields": {"registration_course_id": "INT.06248", "name_course": "HISTÓRIA", "acronym": "HIS-4", "area": 1, "blockk": 4}}, {"model": "course.course", "pk": 49, "fields": {"registration_course_id": "INT.06253", "name_course": "GESTÃO INDUSTRIAL", "acronym": "GEI-4", "area": 1, "blockk": 1}}, {"model": "course.course", "pk": 50, "fields": {"registration_course_id": "INT.06247", "name_course": "SOCIOLOGIA", "acronym": "SOC-4", "area": 1, "blockk": 4}}, {"model": "course.course", "pk": 51, "fields": {"registration_course_id": "INT.06249", "name_course": "GEOGRAFIA", "acronym": "GEO-4", "area": 1, "blockk": 4}}, {"model": "course.course", "pk": 52, "fields": {"registration_course_id": "INT.06334", "name_course": "PRÁTICA DE DESENVOLVIMENTO DE SISTEMAS", "acronym": "PDS-4", "area": 1, "blockk": 1}}, {"model": "course.course", "pk": 53, "fields": {"registration_course_id": "INT.06335", "name_course": "APLICAÇÕES PARA WEB 2", "acronym": "AW2-4", "area": 1, "blockk": 1}}, {"model": "course.course", "pk": 54, "fields": {"registration_course_id": "INT.06336", "name_course": "SEGURANÇA DA INFORMAÇÃO", "acronym": "SIN-4", "area": 1, "blockk": 1}}, {"model": "course.course", "pk": 55, "fields": {"registration_course_id": "INT.06245", "name_course": "MATEMÁTICA APLICADA E ESTATÍSTICA", "acronym": "EAM-4", "area": 1, "blockk": 2}}, {"model": "course.course", "pk": 56, "fields": {"registration_course_id": "INT.06243", "name_course": "LÍNGUA PORTUGUESA E LITERATURA BRASILEIRA", "acronym": "LPL-4", "area": 1, "blockk": 5}}, {"model": "course.course", "pk": 57, "fields": {"registration_course_id": "SUP.12764", "name_course": "ENGENHARIA DE SOFTWARE 1", "acronym": "SPOENG1", "area": 2, "blockk": 1}}, {"model": "course.course", "pk": 58, "fields": {"registration_course_id": "SUP.12765", "name_course": "LINGUAGEM DE PROGRAMAÇÃO  1", "acronym": "SPOLOG1", "area": 2, "blockk": 1}}, {"model": "course.course", "pk": 59, "fields": {"registration_course_id": "SUP.12766", "name_course": "MATEMÁTICA PARA INFORMÁTICA", "acronym": "SPOMATI", "area": 2, "blockk": 1}}, {"model": "course.course", "pk": 60, "fields": {"registration_course_id": "SUP.12767", "name_course": "ORGANIZAÇÃO E ARQUITETURA DE COMPUTADORES", "acronym": "SPOOACO", "area": 2, "blockk": 1}}, {"model": "course.course", "pk": 61, "fields": {"registration_course_id": "SUP.12856", "name_course": "ADMINISTRAÇÃO DE EMPRESAS", "acronym": "SPOADME", "area": 2, "blockk": 1}}, {"model": "course.course", "pk": 62, "fields": {"registration_course_id": "SUP.12858", "name_course": "PRÁTICAS E FERRAMENTAS DE DESENVOLVIMENTO DE SOFTWARE", "acronym": "SPOPFDS", "area": 2, "blockk": 1}}, {"model": "course.course", "pk": 63, "fields": {"registration_course_id": "SUP.12860", "name_course": "RECURSOS HUMANOS EM TECNOLOGIA DA INFORMAÇÃO", "acronym": "SPORHTI", "area": 2, "blockk": 1}}, {"model": "course.course", "pk": 64, "fields": {"registration_course_id": "SUP.12774", "name_course": "SISTEMAS OPERACIONAIS", "acronym": "SPOSOPE", "area": 2, "blockk": 1}}, {"model": "course.course", "pk": 65, "fields": {"registration_course_id": "SUP.12777", "name_course": "BANCO DE DADOS 1", "acronym": "SPOBDD1", "area": 2, "blockk": 1}}, {"model": "course.course", "pk": 66, "fields": {"registration_course_id": "SUP.12861", "name_course": "ESTRUTURA DE DADOS", "acronym": "SPOEDDA", "area": 2, "blockk": 1}}, {"model": "course.course", "pk": 67, "fields": {"registration_course_id": "SUP.12864", "name_course": "ENGENHARIA DE SOFTWARE 2", "acronym": "SPOENG2", "area": 2, "blockk": 1}}, {"model": "course.course", "pk": 68, "fields": {"registration_course_id": "SUP.17879", "name_course": "LÓGICA DE PROGRAMAÇÃO 2", "acronym": "SPOLOG2", "area": 2, "blockk": 1}}, {"model": "course.course", "pk": 69, "fields": {"registration_course_id": "SUP.09368", "name_course": "ENGENHARIA DE SOFTWARE III", "acronym": "SPOES3A3", "area": 2, "blockk": 1}}, {"model": "course.course", "pk": 70, "fields": {"registration_course_id": "SUP.09369", "name_course": "LINGUAGEM DE PROGRAMAÇÃO  I", "acronym": "LP1A3", "area": 2, "blockk": 1}}, {"model": "course.course", "pk": 71, "fields": {"registration_course_id": "SUP.09370", "name_course": "BANCO DE DADOS II", "acronym": "BD2A3", "area": 2, "blockk": 1}}, {"model": "course.course", "pk": 72, "fields": {"registration_course_id": "SUP.09373", "name_course": "DESENVOLVIMENTO WEB I", "acronym": "DW1A3", "area": 2, "blockk": 1}}, {"model": "course.course", "pk": 73, "fields": {"registration_course_id": "SUP.10625", "name_course": "REDES DE COMPUTADORES", "acronym": "REDA3", "area": 2, "blockk": 1}}, {"model": "course.course", "pk": 74, "fields": {"registration_course_id": "SUP.10626", "name_course": "EMPREENDEDORISMO", "acronym": "EMPA3", "area": 2, "blockk": 1}}, {"model": "course.course", "pk": 75, "fields": {"registration_course_id": "SUP.09375", "name_course": "ENGENHARIA DE SOFTWARE IV", "acronym": "ES4A4", "area": 2, "blockk": 1}}, {"model": "course.course", "pk": 76, "fields": {"registration_course_id": "SUP.09376", "name_course": "LINGUAGEM DE PROGRAMAÇÃO II", "acronym": "LP2A4", "area": 2, "blockk": 1}}, {"model": "course.course", "pk": 77, "fields": {"registration_course_id": "SUP.09377", "name_course": "SERVIÇOS E SERVIDORES DE REDE", "acronym": "SESA4", "area": 2, "blockk": 1}}, {"model": "course.course", "pk": 78, "fields": {"registration_course_id": "SUP.09378", "name_course": "DESENVOLVIMENTO WEB 2", "acronym": "DW2A4", "area": 2, "blockk": 1}}, {"model": "course.course", "pk": 79, "fields": {"registration_course_id": "SUP.10627", "name_course": "SEGURANÇA DA INFORMAÇÃO", "acronym": "SEGA4", "area": 2, "blockk": 1}}, {"model": "course.course", "pk": 80, "fields": {"registration_course_id": "SUP.10628", "name_course": "GESTÃO DE PROJETOS", "acronym": "GPRA4", "area": 2, "blockk": 1}}, {"model": "course.course", "pk": 81, "fields": {"registration_course_id": "SUP.09381", "name_course": "PROJETO INTEGRADO I", "acronym": "PI1A5", "area": 2, "blockk": 1}}, {"model": "course.course", "pk": 82, "fields": {"registration_course_id": "SUP.09382", "name_course": "LINGUAGEM DE PROGRAMAÇÃO III", "acronym": "LP3A5", "area": 2, "blockk": 1}}, {"model": "course.course", "pk": 83, "fields": {"registration_course_id": "SUP.09383", "name_course": "SISTEMAS DISTRIBUÍDOS", "acronym": "SIDA5", "area": 2, "blockk": 1}}, {"model": "course.course", "pk": 84, "fields": {"registration_course_id": "SUP.10629", "name_course": "PROGRAMAÇÃO DINÂMICA PARA WEB", "acronym": "PDWA5", "area": 2, "blockk": 1}}, {"model": "course.course", "pk": 85, "fields": {"registration_course_id": "SUP.10630", "name_course": "ESTATÁSTICA E PROBABILIDADE", "acronym": "ESPA5", "area": 2, "blockk": 1}}, {"model": "course.course", "pk": 86, "fields": {"registration_course_id": "SUP.10631", "name_course": "MODELAGEM DE PROCESSOS DE NEGÓCIOS", "acronym": "MPNA5", "area": 2, "blockk": 1}}, {"model": "course.course", "pk": 87, "fields": {"registration_course_id": "SUP.09386", "name_course": "PROJETO INTEGRADO II", "acronym": "PI2A6", "area": 2, "blockk": 1}}, {"model": "course.course", "pk": 88, "fields": {"registration_course_id": "SUP.10632", "name_course": "INTRODUÇÃO À CIÊNCIA DE DADOS", "acronym": "ICDA6", "area": 2, "blockk": 1}}, {"model": "course.course", "pk": 89, "fields": {"registration_course_id": "SUP.10633", "name_course": "INTRODUÇÃO À OTIMIZAÇÃO COMBINATÓRIA", "acronym": "IOCA6", "area": 2, "blockk": 1}}, {"model": "course.course", "pk": 90, "fields": {"registration_course_id": "SUP.10634", "name_course": "LABORATÓRIO DE ESCALABILIDADE DE SISTEMAS", "acronym": "LESA6", "area": 2, "blockk": 1}}, {"model": "course.course", "pk": 91, "fields": {"registration_course_id": "SUP.10635", "name_course": "GESTÃO E GOVERNANÇA DA TECNOLOGIA DA INFORMAÇÃO", "acronym": "GTIA6", "area": 2, "blockk": 1}}, {"model": "staff.deadline", "pk": 11, "fields": {"name": "STARTFPADEADLINE", "deadline_start": "2023-09-01T06:03:00", "deadline_end": "2023-09-03T06:03:00", "semester": 1, "year": 2023, "blockk": 1}}, {"model": "staff.deadline", "pk": 12, "fields": {"name": "STARTASSIGNMENTDEADLINE", "deadline_start": "2023-09-05T06:03:00", "deadline_end": "2023-09-06T06:03:00", "semester": 1, "year": 2023, "blockk": 1}}, {"model": "staff.deadline", "pk": 13, "fields": {"name": "STARTFPADEADLINE", "deadline_start": "2023-09-01T06:03:00", "deadline_end": "2023-09-03T06:03:00", "semester": 1, "year": 2023, "blockk": 2}}, {"model": "staff.deadline", "pk": 14, "fields": {"name": "STARTASSIGNMENTDEADLINE", "deadline_start": "2023-09-05T06:03:00", "deadline_end": "2023-09-06T06:03:00", "semester": 1, "year": 2023, "blockk": 2}}, {"model": "staff.deadline", "pk": 15, "fields": {"name": "STARTFPADEADLINE", "deadline_start": "2023-09-01T06:03:00", "deadline_end": "2023-09-03T06:03:00", "semester": 1, "year": 2023, "blockk": 3}}, {"model": "staff.deadline", "pk": 16, "fields": {"name": "STARTASSIGNMENTDEADLINE", "deadline_start": "2023-09-05T06:03:00", "deadline_end": "2023-09-06T06:03:00", "semester": 1, "year": 2023, "blockk": 3}}, {"model": "staff.deadline", "pk": 17, "fields": {"name": "STARTFPADEADLINE", "deadline_start": "2023-09-01T06:03:00", "deadline_end": "2023-09-03T06:03:00", "semester": 1, "year": 2023, "blockk": 4}}, {"model": "staff.deadline", "pk": 18, "fields": {"name": "STARTASSIGNMENTDEADLINE", "deadline_start": "2023-09-05T06:03:00", "deadline_end": "2023-09-06T06:03:00", "semester": 1, "year": 2023, "blockk": 4}}, {"model": "staff.deadline", "pk": 19, "fields": {"name": "STARTFPADEADLINE", "deadline_start": "2023-09-01T06:03:00", "deadline_end": "2023-09-03T06:03:00", "semester": 1, "year": 2023, "blockk": 5}}, {"model": "staff.deadline", "pk": 20, "fields": {"name": "STARTASSIGNMENTDEADLINE", "deadline_start": "2023-09-05T06:03:00", "deadline_end": "2023-09-06T06:03:00", "semester": 1, "year": 2023, "blockk": 5}}, {"model": "staff.criteria", "pk": 1, "fields": {"name_criteria": "MAIOR IDADE", "number_criteria": 1, "is_select": false}}, {"model": "staff.criteria", "pk": 2, "fields": {"name_criteria": "MAIOR NÍVEL NA CARREIRA", "number_criteria": 2, "is_select": false}}, {"model": "staff.criteria", "pk": 3, "fields": {"name_criteria": "MAIOR TEMPO DE EXERCÍCIO NO CAMPUS", "number_criteria": 3, "is_select": true}}, {"model": "staff.criteria", "pk": 4, "fields": {"name_criteria": "MAIOR TEMPO DE EXPERIÊNCIA DIDÁTICA NA ÁREA DO COMPONENTE CURRICULAR", "number_criteria": 4, "is_select": false}}, {"model": "staff.criteria", "pk": 5, "fields": {"name_criteria": "MAIOR TEMPO DE EXPERIÊNCIA PROFISSIONAL NA ÁREA DO COMPONENTE CURRICULAR", "number_criteria": 5, "is_select": false}}, {"model": "staff.criteria", "pk": 6, "fields": {"name_criteria": "MAIOR TEMPO DE SERVIÇO NO IFSP", "number_criteria": 6, "is_select": false}}, {"model": "staff.criteria", "pk": 7, "fields": {"name_criteria": "MAIOR TITULAÇÃO NA ÁREA DO COMPONENTE CURRICULAR", "number_criteria": 7, "is_select": false}}, {"model": "timetable.timetable", "pk": 1, "fields": {"course": 5, "classs": 19, "day_combo": [1]}}, {"model": "timetable.timetable", "pk": 2, "fields": {"course": 7, "classs": 19, "day_combo": [2]}}, {"model": "timetable.timetable", "pk": 3, "fields": {"course": 9, "classs": 19, "day_combo": [3]}}, {"model": "timetable.timetable", "pk": 4, "fields": {"course": 2, "classs": 19, "day_combo": [4]}}, {"model": "timetable.timetable", "pk": 5, "fields": {"course": 8, "classs": 19, "day_combo": [5]}}, {"model": "timetable.timetable", "pk": 6, "fields": {"course": 4, "classs": 19, "day_combo": [6, 14]}}, {"model": "timetable.timetable", "pk": 7, "fields": {"course": 6, "classs": 19, "day_combo": [7]}}, {"model": "timetable.timetable", "pk": 8, "fields": {"course": 13, "classs": 19, "day_combo": [8]}}, {"model": "timetable.timetable", "pk": 9, "fields": {"course": 11, "classs": 19, "day_combo": [9]}}, {"model": "timetable.timetable", "pk": 10, "fields": {"course": 12, "classs": 19, "day_combo": [10]}}, {"model": "timetable.timetable", "pk": 11, "fields": {"course": 10, "classs": 19, "day_combo": [11]}}, {"model": "timetable.timetable", "pk": 12, "fields": {"course": 3, "classs": 19, "day_combo": [12]}}, {"model": "timetable.timetable", "pk": 13, "fields": {"course": 1, "classs": 19, "day_combo": [13]}}, {"model": "timetable.timetable", "pk": 14, "fields": {"course": 5, "classs": 20, "day_combo": [1]}}, {"model": "timetable.timetable", "pk": 15, "fields": {"course": 7, "classs": 20, "day_combo": [2]}}, {"model": "timetable.timetable", "pk": 16, "fields": {"course": 9, "classs": 20, "day_combo": [3]}}, {"model": "timetable.timetable", "pk": 17, "fields": {"course": 2, "classs": 20, "day_combo": [4]}}, {"model": "timetable.timetable", "pk": 18, "fields": {"course": 8, "classs": 20, "day_combo": [5]}}, {"model": "timetable.timetable", "pk": 19, "fields": {"course": 4, "classs": 20, "day_combo": [6, 14]}}, {"model": "timetable.timetable", "pk": 20, "fields": {"course": 6, "classs": 20, "day_combo": [7]}}, {"model": "timetable.timetable", "pk": 21, "fields": {"course": 11, "classs": 20, "day_combo": [8]}}, {"model": "timetable.timetable", "pk": 22, "fields": {"course": 13, "classs": 20, "day_combo": [9]}}, {"model": "timetable.timetable", "pk": 23, "fields": {"course": 10, "classs": 20, "day_combo": [10]}}, {"model": "timetable.timetable", "pk": 24, "fields": {"course": 12, "classs": 20, "day_combo": [11]}}, {"model": "timetable.timetable", "pk": 25, "fields": {"course": 3, "classs": 20, "day_combo": [12]}}, {"model": "timetable.timetable", "pk": 26, "fields": {"course": 1, "classs": 20, "day_combo": [13]}}, {"model": "timetable.timetable", "pk": 27, "fields": {"course": 1, "classs": 22, "day_combo": [15]}}, {"model": "timetable.timetable", "pk": 28, "fields": {"course": 7, "classs": 22, "day_combo": [16]}}, {"model": "timetable.timetable", "pk": 29, "fields": {"course": 4, "classs": 22, "day_combo": [17, 25]}}, {"model": "timetable.timetable", "pk": 30, "fields": {"course": 13, "classs": 22, "day_combo": [18]}}, {"model": "timetable.timetable", "pk": 31, "fields": {"course": 11, "classs": 22, "day_combo": [19]}}, {"model": "timetable.timetable", "pk": 32, "fields": {"course": 6, "classs": 22, "day_combo": [20]}}, {"model": "timetable.timetable", "pk": 33, "fields": {"course": 12, "classs": 22, "day_combo": [21]}}, {"model": "timetable.timetable", "pk": 34, "fields": {"course": 10, "classs": 22, "day_combo": [22]}}, {"model": "timetable.timetable", "pk": 35, "fields": {"course": 2, "classs": 22, "day_combo": [23]}}, {"model": "timetable.timetable", "pk": 36, "fields": {"course": 9, "classs": 22, "day_combo": [24]}}, {"model": "timetable.timetable", "pk": 37, "fields": {"course": 5, "classs": 22, "day_combo": [26]}}, {"model": "timetable.timetable", "pk": 38, "fields": {"course": 3, "classs": 22, "day_combo": [27]}}, {"model": "timetable.timetable", "pk": 39, "fields": {"course": 8, "classs": 22, "day_combo": [28]}}, {"model": "timetable.timetable", "pk": 40, "fields": {"course": 1, "classs": 21, "day_combo": [15]}}, {"model": "timetable.timetable", "pk": 41, "fields": {"course": 7, "classs": 21, "day_combo": [16]}}, {"model": "timetable.timetable", "pk": 42, "fields": {"course": 4, "classs": 21, "day_combo": [17, 25]}}, {"model": "timetable.timetable", "pk": 43, "fields": {"course": 11, "classs": 21, "day_combo": [18]}}, {"model": "timetable.timetable", "pk": 44, "fields": {"course": 13, "classs": 21, "day_combo": [19]}}, {"model": "timetable.timetable", "pk": 45, "fields": {"course": 6, "classs": 21, "day_combo": [20]}}, {"model": "timetable.timetable", "pk": 46, "fields": {"course": 10, "classs": 21, "day_combo": [21]}}, {"model": "timetable.timetable", "pk": 47, "fields": {"course": 12, "classs": 21, "day_combo": [22]}}, {"model": "timetable.timetable", "pk": 48, "fields": {"course": 2, "classs": 21, "day_combo": [23]}}, {"model": "timetable.timetable", "pk": 49, "fields": {"course": 9, "classs": 21, "day_combo": [24]}}, {"model": "timetable.timetable", "pk": 50, "fields": {"course": 5, "classs": 21, "day_combo": [26]}}, {"model": "timetable.timetable", "pk": 51, "fields": {"course": 3, "classs": 21, "day_combo": [27]}}, {"model": "timetable.timetable", "pk": 52, "fields": {"course": 8, "classs": 21, "day_combo": [28]}}, {"model": "timetable.timetable", "pk": 53, "fields": {"course": 23, "classs": 1, "day_combo": [29]}}, {"model": "timetable.timetable", "pk": 54, "fields": {"course": 24, "classs": 1, "day_combo": [30]}}, {"model": "timetable.timetable", "pk": 55, "fields": {"course": 22, "classs": 1, "day_combo": [2]}}, {"model": "timetable.timetable", "pk": 56, "fields": {"course": 29, "classs": 1, "day_combo": [3]}}, {"model": "timetable.timetable", "pk": 57, "fields": {"course": 15, "classs": 1, "day_combo": [16]}}, {"model": "timetable.timetable", "pk": 58, "fields": {"course": 21, "classs": 1, "day_combo": [4]}}, {"model": "timetable.timetable", "pk": 59, "fields": {"course": 27, "classs": 1, "day_combo": [5]}}, {"model": "timetable.timetable", "pk": 60, "fields": {"course": 14, "classs": 1, "day_combo": [6]}}, {"model": "timetable.timetable", "pk": 61, "fields": {"course": 25, "classs": 1, "day_combo": [31]}}, {"model": "timetable.timetable", "pk": 62, "fields": {"course": 26, "classs": 1, "day_combo": [32]}}, {"model": "timetable.timetable", "pk": 63, "fields": {"course": 17, "classs": 1, "day_combo": [33]}}, {"model": "timetable.timetable", "pk": 64, "fields": {"course": 20, "classs": 1, "day_combo": [34]}}, {"model": "timetable.timetable", "pk": 65, "fields": {"course": 16, "classs": 1, "day_combo": [10]}}, {"model": "timetable.timetable", "pk": 66, "fields": {"course": 19, "classs": 1, "day_combo": [11]}}, {"model": "timetable.timetable", "pk": 67, "fields": {"course": 18, "classs": 1, "day_combo": [35]}}, {"model": "timetable.timetable", "pk": 68, "fields": {"course": 28, "classs": 1, "day_combo": [36]}}, {"model": "timetable.timetable", "pk": 69, "fields": {"course": 24, "classs": 2, "day_combo": [29, 31]}}, {"model": "timetable.timetable", "pk": 70, "fields": {"course": 23, "classs": 2, "day_combo": [30]}}, {"model": "timetable.timetable", "pk": 71, "fields": {"course": 29, "classs": 2, "day_combo": [2]}}, {"model": "timetable.timetable", "pk": 72, "fields": {"course": 22, "classs": 2, "day_combo": [3]}}, {"model": "timetable.timetable", "pk": 73, "fields": {"course": 15, "classs": 2, "day_combo": [16]}}, {"model": "timetable.timetable", "pk": 74, "fields": {"course": 21, "classs": 2, "day_combo": [4]}}, {"model": "timetable.timetable", "pk": 75, "fields": {"course": 27, "classs": 2, "day_combo": [5]}}, {"model": "timetable.timetable", "pk": 76, "fields": {"course": 14, "classs": 2, "day_combo": [6]}}, {"model": "timetable.timetable", "pk": 77, "fields": {"course": 25, "classs": 2, "day_combo": [32]}}, {"model": "timetable.timetable", "pk": 78, "fields": {"course": 17, "classs": 2, "day_combo": [33]}}, {"model": "timetable.timetable", "pk": 79, "fields": {"course": 20, "classs": 2, "day_combo": [34]}}, {"model": "timetable.timetable", "pk": 80, "fields": {"course": 19, "classs": 2, "day_combo": [10]}}, {"model": "timetable.timetable", "pk": 81, "fields": {"course": 16, "classs": 2, "day_combo": [11]}}, {"model": "timetable.timetable", "pk": 82, "fields": {"course": 28, "classs": 2, "day_combo": [35]}}, {"model": "timetable.timetable", "pk": 83, "fields": {"course": 18, "classs": 2, "day_combo": [36]}}, {"model": "timetable.timetable", "pk": 84, "fields": {"course": 15, "classs": 3, "day_combo": [2]}}, {"model": "timetable.timetable", "pk": 85, "fields": {"course": 14, "classs": 3, "day_combo": [3]}}, {"model": "timetable.timetable", "pk": 86, "fields": {"course": 18, "classs": 3, "day_combo": [37]}}, {"model": "timetable.timetable", "pk": 87, "fields": {"course": 19, "classs": 3, "day_combo": [38]}}, {"model": "timetable.timetable", "pk": 88, "fields": {"course": 16, "classs": 3, "day_combo": [39]}}, {"model": "timetable.timetable", "pk": 89, "fields": {"course": 28, "classs": 3, "day_combo": [40]}}, {"model": "timetable.timetable", "pk": 90, "fields": {"course": 22, "classs": 3, "day_combo": [41]}}, {"model": "timetable.timetable", "pk": 91, "fields": {"course": 29, "classs": 3, "day_combo": [42]}}, {"model": "timetable.timetable", "pk": 92, "fields": {"course": 21, "classs": 3, "day_combo": [43]}}, {"model": "timetable.timetable", "pk": 93, "fields": {"course": 23, "classs": 3, "day_combo": [44]}}, {"model": "timetable.timetable", "pk": 94, "fields": {"course": 24, "classs": 3, "day_combo": [45]}}, {"model": "timetable.timetable", "pk": 95, "fields": {"course": 25, "classs": 3, "day_combo": [46]}}, {"model": "timetable.timetable", "pk": 96, "fields": {"course": 26, "classs": 3, "day_combo": [47]}}, {"model": "timetable.timetable", "pk": 97, "fields": {"course": 27, "classs": 3, "day_combo": [25]}}, {"model": "timetable.timetable", "pk": 98, "fields": {"course": 17, "classs": 3, "day_combo": [48]}}, {"model": "timetable.timetable", "pk": 99, "fields": {"course": 20, "classs": 3, "day_combo": [49]}}, {"model": "timetable.timetable", "pk": 100, "fields": {"course": 15, "classs": 4, "day_combo": [2]}}, {"model": "timetable.timetable", "pk": 101, "fields": {"course": 14, "classs": 4, "day_combo": [3]}}, {"model": "timetable.timetable", "pk": 102, "fields": {"course": 19, "classs": 4, "day_combo": [37]}}, {"model": "timetable.timetable", "pk": 103, "fields": {"course": 18, "classs": 4, "day_combo": [38]}}, {"model": "timetable.timetable", "pk": 104, "fields": {"course": 28, "classs": 4, "day_combo": [39]}}, {"model": "timetable.timetable", "pk": 105, "fields": {"course": 16, "classs": 4, "day_combo": [40]}}, {"model": "timetable.timetable", "pk": 106, "fields": {"course": 29, "classs": 4, "day_combo": [41]}}, {"model": "timetable.timetable", "pk": 107, "fields": {"course": 22, "classs": 4, "day_combo": [42]}}, {"model": "timetable.timetable", "pk": 108, "fields": {"course": 21, "classs": 4, "day_combo": [43]}}, {"model": "timetable.timetable", "pk": 109, "fields": {"course": 24, "classs": 4, "day_combo": [44]}}, {"model": "timetable.timetable", "pk": 110, "fields": {"course": 23, "classs": 4, "day_combo": [45]}}, {"model": "timetable.timetable", "pk": 111, "fields": {"course": 26, "classs": 4, "day_combo": [46]}}, {"model": "timetable.timetable", "pk": 112, "fields": {"course": 25, "classs": 4, "day_combo": [47]}}, {"model": "timetable.timetable", "pk": 113, "fields": {"course": 27, "classs": 4, "day_combo": [25]}}, {"model": "timetable.timetable", "pk": 114, "fields": {"course": 17, "classs": 4, "day_combo": [48]}}, {"model": "timetable.timetable", "pk": 115, "fields": {"course": 20, "classs": 4, "day_combo": [49]}}, {"model": "timetable.timetable", "pk": 116, "fields": {"course": 32, "classs": 5, "day_combo": [1, 54]}}, {"model": "timetable.timetable", "pk": 117, "fields": {"course": 38, "classs": 5, "day_combo": [50]}}, {"model": "timetable.timetable", "pk": 118, "fields": {"course": 37, "classs": 5, "day_combo": [51]}}, {"model": "timetable.timetable", "pk": 119, "fields": {"course": 36, "classs": 5, "day_combo": [3]}}, {"model": "timetable.timetable", "pk": 120, "fields": {"course": 43, "classs": 5, "day_combo": [4]}}, {"model": "timetable.timetable", "pk": 121, "fields": {"course": 45, "classs": 5, "day_combo": [52]}}, {"model": "timetable.timetable", "pk": 122, "fields": {"course": 41, "classs": 5, "day_combo": [53]}}, {"model": "timetable.timetable", "pk": 123, "fields": {"course": 33, "classs": 5, "day_combo": [18]}}, {"model": "timetable.timetable", "pk": 124, "fields": {"course": 44, "classs": 5, "day_combo": [33]}}, {"model": "timetable.timetable", "pk": 125, "fields": {"course": 42, "classs": 5, "day_combo": [34]}}, {"model": "timetable.timetable", "pk": 126, "fields": {"course": 35, "classs": 5, "day_combo": [55]}}, {"model": "timetable.timetable", "pk": 127, "fields": {"course": 39, "classs": 5, "day_combo": [56]}}, {"model": "timetable.timetable", "pk": 128, "fields": {"course": 40, "classs": 5, "day_combo": [57]}}, {"model": "timetable.timetable", "pk": 129, "fields": {"course": 30, "classs": 5, "day_combo": [12]}}, {"model": "timetable.timetable", "pk": 130, "fields": {"course": 31, "classs": 5, "day_combo": [13]}}, {"model": "timetable.timetable", "pk": 131, "fields": {"course": 34, "classs": 5, "day_combo": [14]}}, {"model": "timetable.timetable", "pk": 132, "fields": {"course": 32, "classs": 6, "day_combo": [1, 54]}}, {"model": "timetable.timetable", "pk": 133, "fields": {"course": 37, "classs": 6, "day_combo": [50]}}, {"model": "timetable.timetable", "pk": 134, "fields": {"course": 38, "classs": 6, "day_combo": [51]}}, {"model": "timetable.timetable", "pk": 135, "fields": {"course": 36, "classs": 6, "day_combo": [3]}}, {"model": "timetable.timetable", "pk": 136, "fields": {"course": 41, "classs": 6, "day_combo": [58]}}, {"model": "timetable.timetable", "pk": 137, "fields": {"course": 45, "classs": 6, "day_combo": [59]}}, {"model": "timetable.timetable", "pk": 138, "fields": {"course": 43, "classs": 6, "day_combo": [6]}}, {"model": "timetable.timetable", "pk": 139, "fields": {"course": 33, "classs": 6, "day_combo": [18]}}, {"model": "timetable.timetable", "pk": 140, "fields": {"course": 42, "classs": 6, "day_combo": [33]}}, {"model": "timetable.timetable", "pk": 141, "fields": {"course": 44, "classs": 6, "day_combo": [34]}}, {"model": "timetable.timetable", "pk": 142, "fields": {"course": 35, "classs": 6, "day_combo": [55]}}, {"model": "timetable.timetable", "pk": 143, "fields": {"course": 40, "classs": 6, "day_combo": [56]}}, {"model": "timetable.timetable", "pk": 144, "fields": {"course": 39, "classs": 6, "day_combo": [57]}}, {"model": "timetable.timetable", "pk": 145, "fields": {"course": 30, "classs": 6, "day_combo": [12]}}, {"model": "timetable.timetable", "pk": 146, "fields": {"course": 31, "classs": 6, "day_combo": [13]}}, {"model": "timetable.timetable", "pk": 147, "fields": {"course": 34, "classs": 6, "day_combo": [14]}}, {"model": "timetable.timetable", "pk": 148, "fields": {"course": 30, "classs": 7, "day_combo": [15]}}, {"model": "timetable.timetable", "pk": 149, "fields": {"course": 32, "classs": 7, "day_combo": [16, 23]}}, {"model": "timetable.timetable", "pk": 150, "fields": {"course": 34, "classs": 7, "day_combo": [17]}}, {"model": "timetable.timetable", "pk": 151, "fields": {"course": 33, "classs": 7, "day_combo": [6]}}, {"model": "timetable.timetable", "pk": 152, "fields": {"course": 44, "classs": 7, "day_combo": [39]}}, {"model": "timetable.timetable", "pk": 153, "fields": {"course": 42, "classs": 7, "day_combo": [40]}}, {"model": "timetable.timetable", "pk": 154, "fields": {"course": 43, "classs": 7, "day_combo": [41]}}, {"model": "timetable.timetable", "pk": 155, "fields": {"course": 45, "classs": 7, "day_combo": [60]}}, {"model": "timetable.timetable", "pk": 156, "fields": {"course": 41, "classs": 7, "day_combo": [22]}}, {"model": "timetable.timetable", "pk": 157, "fields": {"course": 35, "classs": 7, "day_combo": [24]}}, {"model": "timetable.timetable", "pk": 158, "fields": {"course": 39, "classs": 7, "day_combo": [61]}}, {"model": "timetable.timetable", "pk": 159, "fields": {"course": 40, "classs": 7, "day_combo": [62]}}, {"model": "timetable.timetable", "pk": 160, "fields": {"course": 36, "classs": 7, "day_combo": [26]}}, {"model": "timetable.timetable", "pk": 161, "fields": {"course": 31, "classs": 7, "day_combo": [27]}}, {"model": "timetable.timetable", "pk": 162, "fields": {"course": 38, "classs": 7, "day_combo": [63]}}, {"model": "timetable.timetable", "pk": 163, "fields": {"course": 37, "classs": 7, "day_combo": [64]}}, {"model": "timetable.timetable", "pk": 164, "fields": {"course": 30, "classs": 8, "day_combo": [15]}}, {"model": "timetable.timetable", "pk": 165, "fields": {"course": 32, "classs": 8, "day_combo": [16, 23]}}, {"model": "timetable.timetable", "pk": 166, "fields": {"course": 34, "classs": 8, "day_combo": [17]}}, {"model": "timetable.timetable", "pk": 167, "fields": {"course": 33, "classs": 8, "day_combo": [6]}}, {"model": "timetable.timetable", "pk": 168, "fields": {"course": 42, "classs": 8, "day_combo": [39]}}, {"model": "timetable.timetable", "pk": 169, "fields": {"course": 44, "classs": 8, "day_combo": [40]}}, {"model": "timetable.timetable", "pk": 170, "fields": {"course": 41, "classs": 8, "day_combo": [21]}}, {"model": "timetable.timetable", "pk": 171, "fields": {"course": 45, "classs": 8, "day_combo": [65]}}, {"model": "timetable.timetable", "pk": 172, "fields": {"course": 43, "classs": 8, "day_combo": [43]}}, {"model": "timetable.timetable", "pk": 173, "fields": {"course": 35, "classs": 8, "day_combo": [24]}}, {"model": "timetable.timetable", "pk": 174, "fields": {"course": 40, "classs": 8, "day_combo": [61]}}, {"model": "timetable.timetable", "pk": 175, "fields": {"course": 39, "classs": 8, "day_combo": [62]}}, {"model": "timetable.timetable", "pk": 176, "fields": {"course": 36, "classs": 8, "day_combo": [26]}}, {"model": "timetable.timetable", "pk": 177, "fields": {"course": 31, "classs": 8, "day_combo": [27]}}, {"model": "timetable.timetable", "pk": 178, "fields": {"course": 37, "classs": 8, "day_combo": [63]}}, {"model": "timetable.timetable", "pk": 179, "fields": {"course": 38, "classs": 8, "day_combo": [64]}}, {"model": "timetable.timetable", "pk": 180, "fields": {"course": 52, "classs": 9, "day_combo": [66]}}, {"model": "timetable.timetable", "pk": 181, "fields": {"course": 54, "classs": 9, "day_combo": [67]}}, {"model": "timetable.timetable", "pk": 182, "fields": {"course": 53, "classs": 9, "day_combo": [68]}}, {"model": "timetable.timetable", "pk": 183, "fields": {"course": 46, "classs": 9, "day_combo": [69]}}, {"model": "timetable.timetable", "pk": 184, "fields": {"course": 48, "classs": 9, "day_combo": [70]}}, {"model": "timetable.timetable", "pk": 185, "fields": {"course": 51, "classs": 9, "day_combo": [71]}}, {"model": "timetable.timetable", "pk": 186, "fields": {"course": 50, "classs": 9, "day_combo": [72]}}, {"model": "timetable.timetable", "pk": 187, "fields": {"course": 47, "classs": 9, "day_combo": [73]}}, {"model": "timetable.timetable", "pk": 188, "fields": {"course": 49, "classs": 9, "day_combo": [74]}}, {"model": "timetable.timetable", "pk": 189, "fields": {"course": 56, "classs": 9, "day_combo": [75]}}, {"model": "timetable.timetable", "pk": 190, "fields": {"course": 55, "classs": 9, "day_combo": [76]}}, {"model": "timetable.timetable", "pk": 191, "fields": {"course": 46, "classs": 10, "day_combo": [77]}}, {"model": "timetable.timetable", "pk": 192, "fields": {"course": 47, "classs": 10, "day_combo": [78]}}, {"model": "timetable.timetable", "pk": 193, "fields": {"course": 48, "classs": 10, "day_combo": [79]}}, {"model": "timetable.timetable", "pk": 194, "fields": {"course": 49, "classs": 10, "day_combo": [80]}}, {"model": "timetable.timetable", "pk": 195, "fields": {"course": 50, "classs": 10, "day_combo": [81]}}, {"model": "timetable.timetable", "pk": 196, "fields": {"course": 51, "classs": 10, "day_combo": [82]}}, {"model": "timetable.timetable", "pk": 197, "fields": {"course": 52, "classs": 10, "day_combo": [83]}}, {"model": "timetable.timetable", "pk": 198, "fields": {"course": 54, "classs": 10, "day_combo": [84]}}, {"model": "timetable.timetable", "pk": 199, "fields": {"course": 53, "classs": 10, "day_combo": [85]}}, {"model": "timetable.timetable", "pk": 200, "fields": {"course": 55, "classs": 10, "day_combo": [86]}}, {"model": "timetable.timetable", "pk": 201, "fields": {"course": 56, "classs": 10, "day_combo": [87]}}, {"model": "timetable.timetable", "pk": 202, "fields": {"course": 58, "classs": 11, "day_combo": [66]}}, {"model": "timetable.timetable", "pk": 203, "fields": {"course": 61, "classs": 11, "day_combo": [81]}}, {"model": "timetable.timetable", "pk": 204, "fields": {"course": 63, "classs": 11, "day_combo": [82]}}, {"model": "timetable.timetable", "pk": 205, "fields": {"course": 60, "classs": 11, "day_combo": [83]}}, {"model": "timetable.timetable", "pk": 206, "fields": {"course": 57, "classs": 11, "day_combo": [88]}}, {"model": "timetable.timetable", "pk": 207, "fields": {"course": 62, "classs": 11, "day_combo": [74]}}, {"model": "timetable.timetable", "pk": 208, "fields": {"course": 59, "classs": 11, "day_combo": [89]}}, {"model": "timetable.timetable", "pk": 209, "fields": {"course": 60, "classs": 23, "day_combo": [66]}}, {"model": "timetable.timetable", "pk": 210, "fields": {"course": 61, "classs": 23, "day_combo": [81]}}, {"model": "timetable.timetable", "pk": 211, "fields": {"course": 63, "classs": 23, "day_combo": [82]}}, {"model": "timetable.timetable", "pk": 212, "fields": {"course": 58, "classs": 23, "day_combo": [83]}}, {"model": "timetable.timetable", "pk": 213, "fields": {"course": 57, "classs": 23, "day_combo": [88]}}, {"model": "timetable.timetable", "pk": 214, "fields": {"course": 62, "classs": 23, "day_combo": [74]}}, {"model": "timetable.timetable", "pk": 215, "fields": {"course": 59, "classs": 23, "day_combo": [89]}}, {"model": "timetable.timetable", "pk": 216, "fields": {"course": 64, "classs": 12, "day_combo": [66]}}, {"model": "timetable.timetable", "pk": 217, "fields": {"course": 65, "classs": 12, "day_combo": [90]}}, {"model": "timetable.timetable", "pk": 218, "fields": {"course": 68, "classs": 12, "day_combo": [83]}}, {"model": "timetable.timetable", "pk": 219, "fields": {"course": 66, "classs": 12, "day_combo": [91]}}, {"model": "timetable.timetable", "pk": 220, "fields": {"course": 67, "classs": 12, "day_combo": [89]}}, {"model": "timetable.timetable", "pk": 221, "fields": {"course": 68, "classs": 24, "day_combo": [66]}}, {"model": "timetable.timetable", "pk": 222, "fields": {"course": 65, "classs": 24, "day_combo": [90]}}, {"model": "timetable.timetable", "pk": 223, "fields": {"course": 64, "classs": 24, "day_combo": [83]}}, {"model": "timetable.timetable", "pk": 224, "fields": {"course": 66, "classs": 24, "day_combo": [91]}}, {"model": "timetable.timetable", "pk": 225, "fields": {"course": 67, "classs": 24, "day_combo": [89]}}, {"model": "timetable.timetable", "pk": 226, "fields": {"course": 73, "classs": 13, "day_combo": [66]}}, {"model": "timetable.timetable", "pk": 227, "fields": {"course": 69, "classs": 13, "day_combo": [90]}}, {"model": "timetable.timetable", "pk": 228, "fields": {"course": 70, "classs": 13, "day_combo": [83]}}, {"model": "timetable.timetable", "pk": 229, "fields": {"course": 74, "classs": 13, "day_combo": [84]}}, {"model": "timetable.timetable", "pk": 230, "fields": {"course": 72, "classs": 13, "day_combo": [85]}}, {"model": "timetable.timetable", "pk": 231, "fields": {"course": 71, "classs": 13, "day_combo": [89]}}, {"model": "timetable.timetable", "pk": 232, "fields": {"course": 70, "classs": 25, "day_combo": [66]}}, {"model": "timetable.timetable", "pk": 233, "fields": {"course": 71, "classs": 25, "day_combo": [90]}}, {"model": "timetable.timetable", "pk": 234, "fields": {"course": 73, "classs": 25, "day_combo": [83]}}, {"model": "timetable.timetable", "pk": 235, "fields": {"course": 74, "classs": 25, "day_combo": [84]}}, {"model": "timetable.timetable", "pk": 236, "fields": {"course": 72, "classs": 25, "day_combo": [85]}}, {"model": "timetable.timetable", "pk": 237, "fields": {"course": 69, "classs": 25, "day_combo": [89]}}, {"model": "timetable.timetable", "pk": 250, "fields": {"course": 76, "classs": 14, "day_combo": [93]}}, {"model": "timetable.timetable", "pk": 251, "fields": {"course": 77, "classs": 14, "day_combo": [94]}}, {"model": "timetable.timetable", "pk": 252, "fields": {"course": 79, "classs": 14, "day_combo": [95]}}, {"model": "timetable.timetable", "pk": 253, "fields": {"course": 78, "classs": 14, "day_combo": [96]}}, {"model": "timetable.timetable", "pk": 254, "fields": {"course": 75, "classs": 14, "day_combo": [97]}}, {"model": "timetable.timetable", "pk": 258, "fields": {"course": 76, "classs": 26, "day_combo": [93]}}, {"model": "timetable.timetable", "pk": 259, "fields": {"course": 77, "classs": 26, "day_combo": [94]}}, {"model": "timetable.timetable", "pk": 260, "fields": {"course": 79, "classs": 26, "day_combo": [102]}}, {"model": "timetable.timetable", "pk": 261, "fields": {"course": 80, "classs": 26, "day_combo": [9]}}, {"model": "timetable.timetable", "pk": 262, "fields": {"course": 78, "classs": 26, "day_combo": [96]}}, {"model": "timetable.timetable", "pk": 263, "fields": {"course": 75, "classs": 26, "day_combo": [97]}}, {"model": "timetable.timetable", "pk": 264, "fields": {"course": 77, "classs": 15, "day_combo": [66]}}, {"model": "timetable.timetable", "pk": 265, "fields": {"course": 78, "classs": 15, "day_combo": [90]}}, {"model": "timetable.timetable", "pk": 266, "fields": {"course": 76, "classs": 15, "day_combo": [83]}}, {"model": "timetable.timetable", "pk": 267, "fields": {"course": 79, "classs": 15, "day_combo": [91]}}, {"model": "timetable.timetable", "pk": 268, "fields": {"course": 75, "classs": 15, "day_combo": [89]}}, {"model": "timetable.timetable", "pk": 269, "fields": {"course": 76, "classs": 27, "day_combo": [66]}}, {"model": "timetable.timetable", "pk": 270, "fields": {"course": 75, "classs": 27, "day_combo": [90]}}, {"model": "timetable.timetable", "pk": 271, "fields": {"course": 77, "classs": 27, "day_combo": [83]}}, {"model": "timetable.timetable", "pk": 272, "fields": {"course": 79, "classs": 27, "day_combo": [91]}}, {"model": "timetable.timetable", "pk": 273, "fields": {"course": 78, "classs": 27, "day_combo": [89]}}, {"model": "timetable.timetable", "pk": 294, "fields": {"course": 85, "classs": 16, "day_combo": [91, 103]}}, {"model": "timetable.timetable", "pk": 295, "fields": {"course": 82, "classs": 16, "day_combo": [79]}}, {"model": "timetable.timetable", "pk": 296, "fields": {"course": 81, "classs": 16, "day_combo": [90]}}, {"model": "timetable.timetable", "pk": 297, "fields": {"course": 83, "classs": 16, "day_combo": [83, 105]}}, {"model": "timetable.timetable", "pk": 298, "fields": {"course": 84, "classs": 16, "day_combo": [104]}}, {"model": "timetable.timetable", "pk": 299, "fields": {"course": 82, "classs": 28, "day_combo": [66, 83]}}, {"model": "timetable.timetable", "pk": 300, "fields": {"course": 81, "classs": 28, "day_combo": [90]}}, {"model": "timetable.timetable", "pk": 301, "fields": {"course": 84, "classs": 28, "day_combo": [88]}}, {"model": "timetable.timetable", "pk": 302, "fields": {"course": 86, "classs": 28, "day_combo": [74]}}, {"model": "timetable.timetable", "pk": 303, "fields": {"course": 83, "classs": 28, "day_combo": [89]}}, {"model": "timetable.timetable", "pk": 304, "fields": {"course": 91, "classs": 17, "day_combo": [108]}}, {"model": "timetable.timetable", "pk": 305, "fields": {"course": 87, "classs": 17, "day_combo": [95]}}, {"model": "timetable.timetable", "pk": 306, "fields": {"course": 89, "classs": 17, "day_combo": [96]}}, {"model": "timetable.timetable", "pk": 307, "fields": {"course": 88, "classs": 17, "day_combo": [97]}}, {"model": "timetable.timetable", "pk": 308, "fields": {"course": 91, "classs": 30, "day_combo": [108]}}, {"model": "timetable.timetable", "pk": 309, "fields": {"course": 87, "classs": 30, "day_combo": [95]}}, {"model": "timetable.timetable", "pk": 310, "fields": {"course": 89, "classs": 30, "day_combo": [96]}}, {"model": "timetable.timetable", "pk": 311, "fields": {"course": 88, "classs": 30, "day_combo": [97]}}, {"model": "timetable.timetable", "pk": 312, "fields": {"course": 88, "classs": 18, "day_combo": [66]}}, {"model": "timetable.timetable", "pk": 313, "fields": {"course": 91, "classs": 18, "day_combo": [109]}}, {"model": "timetable.timetable", "pk": 314, "fields": {"course": 87, "classs": 18, "day_combo": [83]}}, {"model": "timetable.timetable", "pk": 315, "fields": {"course": 89, "classs": 18, "day_combo": [88]}}, {"model": "timetable.timetable", "pk": 316, "fields": {"course": 90, "classs": 18, "day_combo": [74]}}, {"model": "timetable.timetable", "pk": 317, "fields": {"course": 88, "classs": 29, "day_combo": [90]}}, {"model": "timetable.timetable", "pk": 318, "fields": {"course": 91, "classs": 29, "day_combo": [92]}}, {"model": "timetable.timetable", "pk": 319, "fields": {"course": 87, "classs": 29, "day_combo": [91]}}, {"model": "timetable.timetable", "pk": 320, "fields": {"course": 89, "classs": 29, "day_combo": [104]}}, {"model": "timetable.timetable", "pk": 321, "fields": {"course": 90, "classs": 29, "day_combo": [105]}}, {"model": "timetable.timetable", "pk": 322, "fields": {"course": 5, "classs": 19, "day_combo": [1]}}, {"model": "timetable.timetable", "pk": 323, "fields": {"course": 7, "classs": 19, "day_combo": [2]}}, {"model": "timetable.timetable", "pk": 356, "fields": {"course": 15, "classs": 3, "day_combo": [2]}}, {"model": "timetable.timetable", "pk": 357, "fields": {"course": 14, "classs": 3, "day_combo": [3, 110]}}, {"model": "timetable.timetable", "pk": 358, "fields": {"course": 18, "classs": 3, "day_combo": [37]}}, {"model": "timetable.timetable", "pk": 359, "fields": {"course": 19, "classs": 3, "day_combo": [38]}}, {"model": "timetable.timetable", "pk": 360, "fields": {"course": 16, "classs": 3, "day_combo": [39, 111]}}, {"model": "timetable.timetable", "pk": 361, "fields": {"course": 28, "classs": 3, "day_combo": [40]}}, {"model": "timetable.timetable", "pk": 362, "fields": {"course": 22, "classs": 3, "day_combo": [41]}}, {"model": "timetable.timetable", "pk": 363, "fields": {"course": 29, "classs": 3, "day_combo": [42]}}, {"model": "timetable.timetable", "pk": 364, "fields": {"course": 21, "classs": 3, "day_combo": [43]}}, {"model": "timetable.timetable", "pk": 365, "fields": {"course": 23, "classs": 3, "day_combo": [44]}}, {"model": "timetable.timetable", "pk": 366, "fields": {"course": 24, "classs": 3, "day_combo": [45]}}, {"model": "timetable.timetable", "pk": 367, "fields": {"course": 25, "classs": 3, "day_combo": [46]}}, {"model": "timetable.timetable", "pk": 368, "fields": {"course": 26, "classs": 3, "day_combo": [47]}}, {"model": "timetable.timetable", "pk": 369, "fields": {"course": 27, "classs": 3, "day_combo": [25]}}, {"model": "timetable.timetable", "pk": 370, "fields": {"course": 17, "classs": 3, "day_combo": [48]}}, {"model": "timetable.timetable", "pk": 371, "fields": {"course": 20, "classs": 3, "day_combo": [49]}}, {"model": "timetable.timetable", "pk": 372, "fields": {"course": 9, "classs": 3, "day_combo": [112]}}, {"model": "timetable.timeslot", "pk": 1, "fields": {"position": 1, "hour_start": "07:00:01", "hour_end": "07:45:00"}}, {"model": "timetable.timeslot", "pk": 2, "fields": {"position": 2, "hour_start": "07:45:01", "hour_end": "08:30:00"}}, {"model": "timetable.timeslot", "pk": 3, "fields": {"position": 3, "hour_start": "08:30:01", "hour_end": "09:15:00"}}, {"model": "timetable.timeslot", "pk": 4, "fields": {"position": 4, "hour_start": "09:30:01", "hour_end": "10:15:00"}}, {"model": "timetable.timeslot", "pk": 5, "fields": {"position": 5, "hour_start": "10:15:01", "hour_end": "11:00:00"}}, {"model": "timetable.timeslot", "pk": 6, "fields": {"position": 6, "hour_start": "11:00:01", "hour_end": "11:45:00"}}, {"model": "timetable.timeslot", "pk": 7, "fields": {"position": 7, "hour_start": "13:15:01", "hour_end": "14:00:00"}}, {"model": "timetable.timeslot", "pk": 8, "fields": {"position": 8, "hour_start": "14:00:01", "hour_end": "14:45:00"}}, {"model": "timetable.timeslot", "pk": 9, "fields": {"position": 9, "hour_start": "14:45:01", "hour_end": "15:30:00"}}, {"model": "timetable.timeslot", "pk": 10, "fields": {"position": 10, "hour_start": "15:45:01", "hour_end": "16:30:00"}}, {"model": "timetable.timeslot", "pk": 11, "fields": {"position": 11, "hour_start": "16:30:01", "hour_end": "17:15:00"}}, {"model": "timetable.timeslot", "pk": 12, "fields": {"position": 12, "hour_start": "17:15:01", "hour_end": "18:00:00"}}, {"model": "timetable.timeslot", "pk": 18, "fields": {"position": 13, "hour_start": "18:00:01", "hour_end": "18:50:00"}}, {"model": "timetable.timeslot", "pk": 19, "fields": {"position": 14, "hour_start": "18:50:01", "hour_end": "19:35:00"}}, {"model": "timetable.timeslot", "pk": 20, "fields": {"position": 15, "hour_start": "19:35:01", "hour_end": "20:20:00"}}, {"model": "timetable.timeslot", "pk": 21, "fields": {"position": 16, "hour_start": "20:20:01", "hour_end": "21:05:00"}}, {"model": "timetable.timeslot", "pk": 22, "fields": {"position": 17, "hour_start": "21:20:01", "hour_end": "22:05:00"}}, {"model": "timetable.timeslot", "pk": 23, "fields": {"position": 18, "hour_start": "22:05:01", "hour_end": "22:50:00"}}, {"model": "timetable.day_combo", "pk": 1, "fields": {"day": "monday", "timeslots": [1, 2]}}, {"model": "timetable.day_combo", "pk": 2, "fields": {"day": "monday", "timeslots": [3, 4]}}, {"model": "timetable.day_combo", "pk": 3, "fields": {"day": "monday", "timeslots": [5, 6]}}, {"model": "timetable.day_combo", "pk": 4, "fields": {"day": "tuesday", "timeslots": [1, 2]}}, {"model": "timetable.day_combo", "pk": 5, "fields": {"day": "tuesday", "timeslots": [3, 4]}}, {"model": "timetable.day_combo", "pk": 6, "fields": {"day": "tuesday", "timeslots": [5, 6]}}, {"model": "timetable.day_combo", "pk": 7, "fields": {"day": "wednesday", "timeslots": [1, 2]}}, {"model": "timetable.day_combo", "pk": 8, "fields": {"day": "wednesday", "timeslots": [3, 4]}}, {"model": "timetable.day_combo", "pk": 9, "fields": {"day": "wednesday", "timeslots": [5, 6]}}, {"model": "timetable.day_combo", "pk": 10, "fields": {"day": "thursday", "timeslots": [1, 2, 3]}}, {"model": "timetable.day_combo", "pk": 11, "fields": {"day": "thursday", "timeslots": [4, 5, 6]}}, {"model": "timetable.day_combo", "pk": 12, "fields": {"day": "friday", "timeslots": [1, 2]}}, {"model": "timetable.day_combo", "pk": 13, "fields": {"day": "friday", "timeslots": [3, 4]}}, {"model": "timetable.day_combo", "pk": 14, "fields": {"day": "friday", "timeslots": [5, 6]}}, {"model": "timetable.day_combo", "pk": 15, "fields": {"day": "monday", "timeslots": [7, 8]}}, {"model": "timetable.day_combo", "pk": 16, "fields": {"day": "monday", "timeslots": [9, 10]}}, {"model": "timetable.day_combo", "pk": 17, "fields": {"day": "monday", "timeslots": [11, 12]}}, {"model": "timetable.day_combo", "pk": 18, "fields": {"day": "tuesday", "timeslots": [7, 8]}}, {"model": "timetable.day_combo", "pk": 19, "fields": {"day": "tuesday", "timeslots": [9, 10]}}, {"model": "timetable.day_combo", "pk": 20, "fields": {"day": "tuesday", "timeslots": [11, 12]}}, {"model": "timetable.day_combo", "pk": 21, "fields": {"day": "wednesday", "timeslots": [7, 8, 9]}}, {"model": "timetable.day_combo", "pk": 22, "fields": {"day": "wednesday", "timeslots": [10, 11, 12]}}, {"model": "timetable.day_combo", "pk": 23, "fields": {"day": "thursday", "timeslots": [7, 8]}}, {"model": "timetable.day_combo", "pk": 24, "fields": {"day": "thursday", "timeslots": [9, 10]}}, {"model": "timetable.day_combo", "pk": 25, "fields": {"day": "thursday", "timeslots": [11, 12]}}, {"model": "timetable.day_combo", "pk": 26, "fields": {"day": "friday", "timeslots": [7, 8]}}, {"model": "timetable.day_combo", "pk": 27, "fields": {"day": "friday", "timeslots": [9, 10]}}, {"model": "timetable.day_combo", "pk": 28, "fields": {"day": "friday", "timeslots": [11, 12]}}, {"model": "timetable.day_combo", "pk": 29, "fields": {"day": "monday", "timeslots": [1]}}, {"model": "timetable.day_combo", "pk": 30, "fields": {"day": "monday", "timeslots": [2]}}, {"model": "timetable.day_combo", "pk": 31, "fields": {"day": "tuesday", "timeslots": [7]}}, {"model": "timetable.day_combo", "pk": 32, "fields": {"day": "tuesday", "timeslots": [8]}}, {"model": "timetable.day_combo", "pk": 33, "fields": {"day": "wednesday", "timeslots": [1, 2, 3]}}, {"model": "timetable.day_combo", "pk": 34, "fields": {"day": "wednesday", "timeslots": [4, 5, 6]}}, {"model": "timetable.day_combo", "pk": 35, "fields": {"day": "friday", "timeslots": [1, 2, 3]}}, {"model": "timetable.day_combo", "pk": 36, "fields": {"day": "friday", "timeslots": [4, 5, 6]}}, {"model": "timetable.day_combo", "pk": 37, "fields": {"day": "monday", "timeslots": [7, 8, 9]}}, {"model": "timetable.day_combo", "pk": 38, "fields": {"day": "monday", "timeslots": [10, 11, 12]}}, {"model": "timetable.day_combo", "pk": 39, "fields": {"day": "tuesday", "timeslots": [7, 8, 9]}}, {"model": "timetable.day_combo", "pk": 40, "fields": {"day": "tuesday", "timeslots": [10, 11, 12]}}, {"model": "timetable.day_combo", "pk": 41, "fields": {"day": "wednesday", "timeslots": [7, 8]}}, {"model": "timetable.day_combo", "pk": 42, "fields": {"day": "wednesday", "timeslots": [9, 10]}}, {"model": "timetable.day_combo", "pk": 43, "fields": {"day": "wednesday", "timeslots": [11, 12]}}, {"model": "timetable.day_combo", "pk": 44, "fields": {"day": "thursday", "timeslots": [7]}}, {"model": "timetable.day_combo", "pk": 45, "fields": {"day": "thursday", "timeslots": [8]}}, {"model": "timetable.day_combo", "pk": 46, "fields": {"day": "thursday", "timeslots": [9]}}, {"model": "timetable.day_combo", "pk": 47, "fields": {"day": "thursday", "timeslots": [10]}}, {"model": "timetable.day_combo", "pk": 48, "fields": {"day": "friday", "timeslots": [7, 8, 9]}}, {"model": "timetable.day_combo", "pk": 49, "fields": {"day": "friday", "timeslots": [10, 11, 12]}}, {"model": "timetable.day_combo", "pk": 50, "fields": {"day": "monday", "timeslots": [3]}}, {"model": "timetable.day_combo", "pk": 51, "fields": {"day": "monday", "timeslots": [4]}}, {"model": "timetable.day_combo", "pk": 52, "fields": {"day": "tuesday", "timeslots": [3]}}, {"model": "timetable.day_combo", "pk": 53, "fields": {"day": "tuesday", "timeslots": [4, 5, 6]}}, {"model": "timetable.day_combo", "pk": 54, "fields": {"day": "thursday", "timeslots": [1, 2]}}, {"model": "timetable.day_combo", "pk": 55, "fields": {"day": "thursday", "timeslots": [3, 4]}}, {"model": "timetable.day_combo", "pk": 56, "fields": {"day": "thursday", "timeslots": [5]}}, {"model": "timetable.day_combo", "pk": 57, "fields": {"day": "thursday", "timeslots": [6]}}, {"model": "timetable.day_combo", "pk": 58, "fields": {"day": "tuesday", "timeslots": [1, 2, 3]}}, {"model": "timetable.day_combo", "pk": 59, "fields": {"day": "tuesday", "timeslots": [4]}}, {"model": "timetable.day_combo", "pk": 60, "fields": {"day": "wednesday", "timeslots": [9]}}, {"model": "timetable.day_combo", "pk": 61, "fields": {"day": "thursday", "timeslots": [11]}}, {"model": "timetable.day_combo", "pk": 62, "fields": {"day": "thursday", "timeslots": [12]}}, {"model": "timetable.day_combo", "pk": 63, "fields": {"day": "friday", "timeslots": [11]}}, {"model": "timetable.day_combo", "pk": 64, "fields": {"day": "friday", "timeslots": [12]}}, {"model": "timetable.day_combo", "pk": 65, "fields": {"day": "wednesday", "timeslots": [10]}}, {"model": "timetable.day_combo", "pk": 66, "fields": {"day": "monday", "timeslots": [19, 20, 21, 22, 23]}}, {"model": "timetable.day_combo", "pk": 67, "fields": {"day": "tuesday", "timeslots": [19, 20]}}, {"model": "timetable.day_combo", "pk": 68, "fields": {"day": "tuesday", "timeslots": [21, 22, 23]}}, {"model": "timetable.day_combo", "pk": 69, "fields": {"day": "wednesday", "timeslots": [18, 19]}}, {"model": "timetable.day_combo", "pk": 70, "fields": {"day": "wednesday", "timeslots": [20, 21]}}, {"model": "timetable.day_combo", "pk": 71, "fields": {"day": "wednesday", "timeslots": [22, 23]}}, {"model": "timetable.day_combo", "pk": 72, "fields": {"day": "thursday", "timeslots": [18, 19]}}, {"model": "timetable.day_combo", "pk": 73, "fields": {"day": "thursday", "timeslots": [20, 21]}}, {"model": "timetable.day_combo", "pk": 74, "fields": {"day": "thursday", "timeslots": [22, 23]}}, {"model": "timetable.day_combo", "pk": 75, "fields": {"day": "friday", "timeslots": [18, 19, 20]}}, {"model": "timetable.day_combo", "pk": 76, "fields": {"day": "friday", "timeslots": [21, 22]}}, {"model": "timetable.day_combo", "pk": 77, "fields": {"day": "monday", "timeslots": [18, 19]}}, {"model": "timetable.day_combo", "pk": 78, "fields": {"day": "monday", "timeslots": [20, 21]}}, {"model": "timetable.day_combo", "pk": 79, "fields": {"day": "monday", "timeslots": [22, 23]}}, {"model": "timetable.day_combo", "pk": 80, "fields": {"day": "tuesday", "timeslots": [18, 19]}}, {"model": "timetable.day_combo", "pk": 81, "fields": {"day": "tuesday", "timeslots": [20, 21]}}, {"model": "timetable.day_combo", "pk": 82, "fields": {"day": "tuesday", "timeslots": [22, 23]}}, {"model": "timetable.day_combo", "pk": 83, "fields": {"day": "wednesday", "timeslots": [19, 20, 21, 22, 23]}}, {"model": "timetable.day_combo", "pk": 84, "fields": {"day": "thursday", "timeslots": [19, 20]}}, {"model": "timetable.day_combo", "pk": 85, "fields": {"day": "thursday", "timeslots": [21, 22, 23]}}, {"model": "timetable.day_combo", "pk": 86, "fields": {"day": "friday", "timeslots": [19, 20]}}, {"model": "timetable.day_combo", "pk": 87, "fields": {"day": "friday", "timeslots": [21, 22, 23]}}, {"model": "timetable.day_combo", "pk": 88, "fields": {"day": "thursday", "timeslots": [19, 20, 21]}}, {"model": "timetable.day_combo", "pk": 89, "fields": {"day": "friday", "timeslots": [19, 20, 21, 22, 23]}}, {"model": "timetable.day_combo", "pk": 90, "fields": {"day": "tuesday", "timeslots": [19, 20, 21, 22, 23]}}, {"model": "timetable.day_combo", "pk": 91, "fields": {"day": "thursday", "timeslots": [19, 20, 21, 22, 23]}}, {"model": "timetable.day_combo", "pk": 92, "fields": {"day": "wednesday", "timeslots": [19, 20, 21]}}, {"model": "timetable.day_combo", "pk": 93, "fields": {"day": "monday", "timeslots": [2, 3, 4, 5, 6]}}, {"model": "timetable.day_combo", "pk": 94, "fields": {"day": "tuesday", "timeslots": [2, 3, 4, 5, 6]}}, {"model": "timetable.day_combo", "pk": 95, "fields": {"day": "wednesday", "timeslots": [2, 3, 4, 5, 6]}}, {"model": "timetable.day_combo", "pk": 96, "fields": {"day": "thursday", "timeslots": [2, 3, 4, 5, 6]}}, {"model": "timetable.day_combo", "pk": 97, "fields": {"day": "friday", "timeslots": [2, 3, 4, 5, 6]}}, {"model": "timetable.day_combo", "pk": 98, "fields": {"day": "tuesday", "timeslots": [2]}}, {"model": "timetable.day_combo", "pk": 99, "fields": {"day": "wednesday", "timeslots": [2]}}, {"model": "timetable.day_combo", "pk": 100, "fields": {"day": "tuesday", "timeslots": [8, 9]}}, {"model": "timetable.day_combo", "pk": 101, "fields": {"day": "wednesday", "timeslots": [8, 9]}}, {"model": "timetable.day_combo", "pk": 102, "fields": {"day": "wednesday", "timeslots": [2, 3, 4]}}, {"model": "timetable.day_combo", "pk": 103, "fields": {"day": "monday", "timeslots": [19, 20, 21]}}, {"model": "timetable.day_combo", "pk": 104, "fields": {"day": "friday", "timeslots": [19, 20, 21]}}, {"model": "timetable.day_combo", "pk": 105, "fields": {"day": "friday", "timeslots": [22, 23]}}, {"model": "timetable.day_combo", "pk": 106, "fields": {"day": "wednesday", "timeslots": [19, 20]}}, {"model": "timetable.day_combo", "pk": 107, "fields": {"day": "wednesday", "timeslots": [21]}}, {"model": "timetable.day_combo", "pk": 108, "fields": {"day": "tuesday", "timeslots": [2, 3, 4]}}, {"model": "timetable.day_combo", "pk": 109, "fields": {"day": "tuesday", "timeslots": [19, 20, 21]}}, {"model": "timetable.day_combo", "pk": 110, "fields": {"day": "saturday", "timeslots": [8, 9]}}, {"model": "timetable.day_combo", "pk": 111, "fields": {"day": "friday", "timeslots": [1]}}, {"model": "timetable.day_combo", "pk": 112, "fields": {"day": "saturday", "timeslots": [1]}}, {"model": "timetable.timetable_user", "pk": 1, "fields": {"timetable": 1, "user": null}}, {"model": "timetable.timetable_user", "pk": 2, "fields": {"timetable": 2, "user": null}}, {"model": "timetable.timetable_user", "pk": 3, "fields": {"timetable": 3, "user": null}}, {"model": "timetable.timetable_user", "pk": 4, "fields": {"timetable": 4, "user": null}}, {"model": "timetable.timetable_user", "pk": 5, "fields": {"timetable": 5, "user": null}}, {"model": "timetable.timetable_user", "pk": 6, "fields": {"timetable": 6, "user": null}}, {"model": "timetable.timetable_user", "pk": 7, "fields": {"timetable": 7, "user": null}}, {"model": "timetable.timetable_user", "pk": 8, "fields": {"timetable": 8, "user": null}}, {"model": "timetable.timetable_user", "pk": 9, "fields": {"timetable": 9, "user": null}}, {"model": "timetable.timetable_user", "pk": 10, "fields": {"timetable": 10, "user": null}}, {"model": "timetable.timetable_user", "pk": 11, "fields": {"timetable": 11, "user": null}}, {"model": "timetable.timetable_user", "pk": 12, "fields": {"timetable": 12, "user": null}}, {"model": "timetable.timetable_user", "pk": 13, "fields": {"timetable": 13, "user": null}}, {"model": "timetable.timetable_user", "pk": 14, "fields": {"timetable": 14, "user": null}}, {"model": "timetable.timetable_user", "pk": 15, "fields": {"timetable": 15, "user": null}}, {"model": "timetable.timetable_user", "pk": 16, "fields": {"timetable": 16, "user": null}}, {"model": "timetable.timetable_user", "pk": 17, "fields": {"timetable": 17, "user": null}}, {"model": "timetable.timetable_user", "pk": 18, "fields": {"timetable": 18, "user": null}}, {"model": "timetable.timetable_user", "pk": 19, "fields": {"timetable": 19, "user": null}}, {"model": "timetable.timetable_user", "pk": 20, "fields": {"timetable": 20, "user": null}}, {"model": "timetable.timetable_user", "pk": 21, "fields": {"timetable": 21, "user": null}}, {"model": "timetable.timetable_user", "pk": 22, "fields": {"timetable": 22, "user": null}}, {"model": "timetable.timetable_user", "pk": 23, "fields": {"timetable": 23, "user": null}}, {"model": "timetable.timetable_user", "pk": 24, "fields": {"timetable": 24, "user": null}}, {"model": "timetable.timetable_user", "pk": 25, "fields": {"timetable": 25, "user": null}}, {"model": "timetable.timetable_user", "pk": 26, "fields": {"timetable": 26, "user": null}}, {"model": "timetable.timetable_user", "pk": 27, "fields": {"timetable": 27, "user": null}}, {"model": "timetable.timetable_user", "pk": 28, "fields": {"timetable": 28, "user": null}}, {"model": "timetable.timetable_user", "pk": 29, "fields": {"timetable": 29, "user": null}}, {"model": "timetable.timetable_user", "pk": 30, "fields": {"timetable": 30, "user": null}}, {"model": "timetable.timetable_user", "pk": 31, "fields": {"timetable": 31, "user": null}}, {"model": "timetable.timetable_user", "pk": 32, "fields": {"timetable": 32, "user": null}}, {"model": "timetable.timetable_user", "pk": 33, "fields": {"timetable": 33, "user": null}}, {"model": "timetable.timetable_user", "pk": 34, "fields": {"timetable": 34, "user": null}}, {"model": "timetable.timetable_user", "pk": 35, "fields": {"timetable": 35, "user": null}}, {"model": "timetable.timetable_user", "pk": 36, "fields": {"timetable": 36, "user": null}}, {"model": "timetable.timetable_user", "pk": 37, "fields": {"timetable": 37, "user": null}}, {"model": "timetable.timetable_user", "pk": 38, "fields": {"timetable": 38, "user": null}}, {"model": "timetable.timetable_user", "pk": 39, "fields": {"timetable": 39, "user": null}}, {"model": "timetable.timetable_user", "pk": 40, "fields": {"timetable": 40, "user": null}}, {"model": "timetable.timetable_user", "pk": 41, "fields": {"timetable": 41, "user": null}}, {"model": "timetable.timetable_user", "pk": 42, "fields": {"timetable": 42, "user": null}}, {"model": "timetable.timetable_user", "pk": 43, "fields": {"timetable": 43, "user": null}}, {"model": "timetable.timetable_user", "pk": 44, "fields": {"timetable": 44, "user": null}}, {"model": "timetable.timetable_user", "pk": 45, "fields": {"timetable": 45, "user": null}}, {"model": "timetable.timetable_user", "pk": 46, "fields": {"timetable": 46, "user": null}}, {"model": "timetable.timetable_user", "pk": 47, "fields": {"timetable": 47, "user": null}}, {"model": "timetable.timetable_user", "pk": 48, "fields": {"timetable": 48, "user": null}}, {"model": "timetable.timetable_user", "pk": 49, "fields": {"timetable": 49, "user": null}}, {"model": "timetable.timetable_user", "pk": 50, "fields": {"timetable": 50, "user": null}}, {"model": "timetable.timetable_user", "pk": 51, "fields": {"timetable": 51, "user": null}}, {"model": "timetable.timetable_user", "pk": 52, "fields": {"timetable": 52, "user": null}}, {"model": "timetable.timetable_user", "pk": 53, "fields": {"timetable": 53, "user": null}}, {"model": "timetable.timetable_user", "pk": 54, "fields": {"timetable": 54, "user": null}}, {"model": "timetable.timetable_user", "pk": 55, "fields": {"timetable": 55, "user": null}}, {"model": "timetable.timetable_user", "pk": 56, "fields": {"timetable": 56, "user": null}}, {"model": "timetable.timetable_user", "pk": 57, "fields": {"timetable": 57, "user": null}}, {"model": "timetable.timetable_user", "pk": 58, "fields": {"timetable": 58, "user": null}}, {"model": "timetable.timetable_user", "pk": 59, "fields": {"timetable": 59, "user": null}}, {"model": "timetable.timetable_user", "pk": 60, "fields": {"timetable": 60, "user": null}}, {"model": "timetable.timetable_user", "pk": 61, "fields": {"timetable": 61, "user": null}}, {"model": "timetable.timetable_user", "pk": 62, "fields": {"timetable": 62, "user": null}}, {"model": "timetable.timetable_user", "pk": 63, "fields": {"timetable": 63, "user": null}}, {"model": "timetable.timetable_user", "pk": 64, "fields": {"timetable": 64, "user": null}}, {"model": "timetable.timetable_user", "pk": 65, "fields": {"timetable": 65, "user": null}}, {"model": "timetable.timetable_user", "pk": 66, "fields": {"timetable": 66, "user": null}}, {"model": "timetable.timetable_user", "pk": 67, "fields": {"timetable": 67, "user": null}}, {"model": "timetable.timetable_user", "pk": 68, "fields": {"timetable": 68, "user": null}}, {"model": "timetable.timetable_user", "pk": 69, "fields": {"timetable": 69, "user": null}}, {"model": "timetable.timetable_user", "pk": 70, "fields": {"timetable": 70, "user": null}}, {"model": "timetable.timetable_user", "pk": 71, "fields": {"timetable": 71, "user": null}}, {"model": "timetable.timetable_user", "pk": 72, "fields": {"timetable": 72, "user": null}}, {"model": "timetable.timetable_user", "pk": 73, "fields": {"timetable": 73, "user": null}}, {"model": "timetable.timetable_user", "pk": 74, "fields": {"timetable": 74, "user": null}}, {"model": "timetable.timetable_user", "pk": 75, "fields": {"timetable": 75, "user": null}}, {"model": "timetable.timetable_user", "pk": 76, "fields": {"timetable": 76, "user": null}}, {"model": "timetable.timetable_user", "pk": 77, "fields": {"timetable": 77, "user": null}}, {"model": "timetable.timetable_user", "pk": 78, "fields": {"timetable": 78, "user": null}}, {"model": "timetable.timetable_user", "pk": 79, "fields": {"timetable": 79, "user": null}}, {"model": "timetable.timetable_user", "pk": 80, "fields": {"timetable": 80, "user": null}}, {"model": "timetable.timetable_user", "pk": 81, "fields": {"timetable": 81, "user": null}}, {"model": "timetable.timetable_user", "pk": 82, "fields": {"timetable": 82, "user": null}}, {"model": "timetable.timetable_user", "pk": 83, "fields": {"timetable": 83, "user": null}}, {"model": "timetable.timetable_user", "pk": 84, "fields": {"timetable": 84, "user": null}}, {"model": "timetable.timetable_user", "pk": 85, "fields": {"timetable": 85, "user": null}}, {"model": "timetable.timetable_user", "pk": 86, "fields": {"timetable": 86, "user": null}}, {"model": "timetable.timetable_user", "pk": 87, "fields": {"timetable": 87, "user": null}}, {"model": "timetable.timetable_user", "pk": 88, "fields": {"timetable": 88, "user": null}}, {"model": "timetable.timetable_user", "pk": 89, "fields": {"timetable": 89, "user": null}}, {"model": "timetable.timetable_user", "pk": 90, "fields": {"timetable": 90, "user": null}}, {"model": "timetable.timetable_user", "pk": 91, "fields": {"timetable": 91, "user": null}}, {"model": "timetable.timetable_user", "pk": 92, "fields": {"timetable": 92, "user": null}}, {"model": "timetable.timetable_user", "pk": 93, "fields": {"timetable": 93, "user": null}}, {"model": "timetable.timetable_user", "pk": 94, "fields": {"timetable": 94, "user": null}}, {"model": "timetable.timetable_user", "pk": 95, "fields": {"timetable": 95, "user": null}}, {"model": "timetable.timetable_user", "pk": 96, "fields": {"timetable": 96, "user": null}}, {"model": "timetable.timetable_user", "pk": 97, "fields": {"timetable": 97, "user": null}}, {"model": "timetable.timetable_user", "pk": 98, "fields": {"timetable": 98, "user": null}}, {"model": "timetable.timetable_user", "pk": 99, "fields": {"timetable": 99, "user": null}}, {"model": "timetable.timetable_user", "pk": 100, "fields": {"timetable": 100, "user": null}}, {"model": "timetable.timetable_user", "pk": 101, "fields": {"timetable": 101, "user": null}}, {"model": "timetable.timetable_user", "pk": 102, "fields": {"timetable": 102, "user": null}}, {"model": "timetable.timetable_user", "pk": 103, "fields": {"timetable": 103, "user": null}}, {"model": "timetable.timetable_user", "pk": 104, "fields": {"timetable": 104, "user": null}}, {"model": "timetable.timetable_user", "pk": 105, "fields": {"timetable": 105, "user": null}}, {"model": "timetable.timetable_user", "pk": 106, "fields": {"timetable": 106, "user": null}}, {"model": "timetable.timetable_user", "pk": 107, "fields": {"timetable": 107, "user": null}}, {"model": "timetable.timetable_user", "pk": 108, "fields": {"timetable": 108, "user": null}}, {"model": "timetable.timetable_user", "pk": 109, "fields": {"timetable": 109, "user": null}}, {"model": "timetable.timetable_user", "pk": 110, "fields": {"timetable": 110, "user": null}}, {"model": "timetable.timetable_user", "pk": 111, "fields": {"timetable": 111, "user": null}}, {"model": "timetable.timetable_user", "pk": 112, "fields": {"timetable": 112, "user": null}}, {"model": "timetable.timetable_user", "pk": 113, "fields": {"timetable": 113, "user": null}}, {"model": "timetable.timetable_user", "pk": 114, "fields": {"timetable": 114, "user": null}}, {"model": "timetable.timetable_user", "pk": 115, "fields": {"timetable": 115, "user": null}}, {"model": "timetable.timetable_user", "pk": 116, "fields": {"timetable": 116, "user": null}}, {"model": "timetable.timetable_user", "pk": 117, "fields": {"timetable": 117, "user": null}}, {"model": "timetable.timetable_user", "pk": 118, "fields": {"timetable": 118, "user": null}}, {"model": "timetable.timetable_user", "pk": 119, "fields": {"timetable": 119, "user": null}}, {"model": "timetable.timetable_user", "pk": 120, "fields": {"timetable": 120, "user": null}}, {"model": "timetable.timetable_user", "pk": 121, "fields": {"timetable": 121, "user": null}}, {"model": "timetable.timetable_user", "pk": 122, "fields": {"timetable": 122, "user": null}}, {"model": "timetable.timetable_user", "pk": 123, "fields": {"timetable": 123, "user": null}}, {"model": "timetable.timetable_user", "pk": 124, "fields": {"timetable": 124, "user": null}}, {"model": "timetable.timetable_user", "pk": 125, "fields": {"timetable": 125, "user": null}}, {"model": "timetable.timetable_user", "pk": 126, "fields": {"timetable": 126, "user": null}}, {"model": "timetable.timetable_user", "pk": 127, "fields": {"timetable": 127, "user": null}}, {"model": "timetable.timetable_user", "pk": 128, "fields": {"timetable": 128, "user": null}}, {"model": "timetable.timetable_user", "pk": 129, "fields": {"timetable": 129, "user": null}}, {"model": "timetable.timetable_user", "pk": 130, "fields": {"timetable": 130, "user": null}}, {"model": "timetable.timetable_user", "pk": 131, "fields": {"timetable": 131, "user": null}}, {"model": "timetable.timetable_user", "pk": 132, "fields": {"timetable": 132, "user": null}}, {"model": "timetable.timetable_user", "pk": 133, "fields": {"timetable": 133, "user": null}}, {"model": "timetable.timetable_user", "pk": 134, "fields": {"timetable": 134, "user": null}}, {"model": "timetable.timetable_user", "pk": 135, "fields": {"timetable": 135, "user": null}}, {"model": "timetable.timetable_user", "pk": 136, "fields": {"timetable": 136, "user": null}}, {"model": "timetable.timetable_user", "pk": 137, "fields": {"timetable": 137, "user": null}}, {"model": "timetable.timetable_user", "pk": 138, "fields": {"timetable": 138, "user": null}}, {"model": "timetable.timetable_user", "pk": 139, "fields": {"timetable": 139, "user": null}}, {"model": "timetable.timetable_user", "pk": 140, "fields": {"timetable": 140, "user": null}}, {"model": "timetable.timetable_user", "pk": 141, "fields": {"timetable": 141, "user": null}}, {"model": "timetable.timetable_user", "pk": 142, "fields": {"timetable": 142, "user": null}}, {"model": "timetable.timetable_user", "pk": 143, "fields": {"timetable": 143, "user": null}}, {"model": "timetable.timetable_user", "pk": 144, "fields": {"timetable": 144, "user": null}}, {"model": "timetable.timetable_user", "pk": 145, "fields": {"timetable": 145, "user": null}}, {"model": "timetable.timetable_user", "pk": 146, "fields": {"timetable": 146, "user": null}}, {"model": "timetable.timetable_user", "pk": 147, "fields": {"timetable": 147, "user": null}}, {"model": "timetable.timetable_user", "pk": 148, "fields": {"timetable": 148, "user": null}}, {"model": "timetable.timetable_user", "pk": 149, "fields": {"timetable": 149, "user": null}}, {"model": "timetable.timetable_user", "pk": 150, "fields": {"timetable": 150, "user": null}}, {"model": "timetable.timetable_user", "pk": 151, "fields": {"timetable": 151, "user": null}}, {"model": "timetable.timetable_user", "pk": 152, "fields": {"timetable": 152, "user": null}}, {"model": "timetable.timetable_user", "pk": 153, "fields": {"timetable": 153, "user": null}}, {"model": "timetable.timetable_user", "pk": 154, "fields": {"timetable": 154, "user": null}}, {"model": "timetable.timetable_user", "pk": 155, "fields": {"timetable": 155, "user": null}}, {"model": "timetable.timetable_user", "pk": 156, "fields": {"timetable": 156, "user": null}}, {"model": "timetable.timetable_user", "pk": 157, "fields": {"timetable": 157, "user": null}}, {"model": "timetable.timetable_user", "pk": 158, "fields": {"timetable": 158, "user": null}}, {"model": "timetable.timetable_user", "pk": 159, "fields": {"timetable": 159, "user": null}}, {"model": "timetable.timetable_user", "pk": 160, "fields": {"timetable": 160, "user": null}}, {"model": "timetable.timetable_user", "pk": 161, "fields": {"timetable": 161, "user": null}}, {"model": "timetable.timetable_user", "pk": 162, "fields": {"timetable": 162, "user": null}}, {"model": "timetable.timetable_user", "pk": 163, "fields": {"timetable": 163, "user": null}}, {"model": "timetable.timetable_user", "pk": 164, "fields": {"timetable": 164, "user": null}}, {"model": "timetable.timetable_user", "pk": 165, "fields": {"timetable": 165, "user": null}}, {"model": "timetable.timetable_user", "pk": 166, "fields": {"timetable": 166, "user": null}}, {"model": "timetable.timetable_user", "pk": 167, "fields": {"timetable": 167, "user": null}}, {"model": "timetable.timetable_user", "pk": 168, "fields": {"timetable": 168, "user": null}}, {"model": "timetable.timetable_user", "pk": 169, "fields": {"timetable": 169, "user": null}}, {"model": "timetable.timetable_user", "pk": 170, "fields": {"timetable": 170, "user": null}}, {"model": "timetable.timetable_user", "pk": 171, "fields": {"timetable": 171, "user": null}}, {"model": "timetable.timetable_user", "pk": 172, "fields": {"timetable": 172, "user": null}}, {"model": "timetable.timetable_user", "pk": 173, "fields": {"timetable": 173, "user": null}}, {"model": "timetable.timetable_user", "pk": 174, "fields": {"timetable": 174, "user": null}}, {"model": "timetable.timetable_user", "pk": 175, "fields": {"timetable": 175, "user": null}}, {"model": "timetable.timetable_user", "pk": 176, "fields": {"timetable": 176, "user": null}}, {"model": "timetable.timetable_user", "pk": 177, "fields": {"timetable": 177, "user": null}}, {"model": "timetable.timetable_user", "pk": 178, "fields": {"timetable": 178, "user": null}}, {"model": "timetable.timetable_user", "pk": 179, "fields": {"timetable": 179, "user": null}}, {"model": "timetable.timetable_user", "pk": 180, "fields": {"timetable": 180, "user": null}}, {"model": "timetable.timetable_user", "pk": 181, "fields": {"timetable": 181, "user": null}}, {"model": "timetable.timetable_user", "pk": 182, "fields": {"timetable": 182, "user": null}}, {"model": "timetable.timetable_user", "pk": 183, "fields": {"timetable": 183, "user": null}}, {"model": "timetable.timetable_user", "pk": 184, "fields": {"timetable": 184, "user": null}}, {"model": "timetable.timetable_user", "pk": 185, "fields": {"timetable": 185, "user": null}}, {"model": "timetable.timetable_user", "pk": 186, "fields": {"timetable": 186, "user": null}}, {"model": "timetable.timetable_user", "pk": 187, "fields": {"timetable": 187, "user": null}}, {"model": "timetable.timetable_user", "pk": 188, "fields": {"timetable": 188, "user": null}}, {"model": "timetable.timetable_user", "pk": 189, "fields": {"timetable": 189, "user": null}}, {"model": "timetable.timetable_user", "pk": 190, "fields": {"timetable": 190, "user": null}}, {"model": "timetable.timetable_user", "pk": 191, "fields": {"timetable": 191, "user": null}}, {"model": "timetable.timetable_user", "pk": 192, "fields": {"timetable": 192, "user": null}}, {"model": "timetable.timetable_user", "pk": 193, "fields": {"timetable": 193, "user": null}}, {"model": "timetable.timetable_user", "pk": 194, "fields": {"timetable": 194, "user": null}}, {"model": "timetable.timetable_user", "pk": 195, "fields": {"timetable": 195, "user": null}}, {"model": "timetable.timetable_user", "pk": 196, "fields": {"timetable": 196, "user": null}}, {"model": "timetable.timetable_user", "pk": 197, "fields": {"timetable": 197, "user": null}}, {"model": "timetable.timetable_user", "pk": 198, "fields": {"timetable": 198, "user": null}}, {"model": "timetable.timetable_user", "pk": 199, "fields": {"timetable": 199, "user": null}}, {"model": "timetable.timetable_user", "pk": 200, "fields": {"timetable": 200, "user": null}}, {"model": "timetable.timetable_user", "pk": 201, "fields": {"timetable": 201, "user": null}}, {"model": "timetable.timetable_user", "pk": 202, "fields": {"timetable": 202, "user": null}}, {"model": "timetable.timetable_user", "pk": 203, "fields": {"timetable": 203, "user": null}}, {"model": "timetable.timetable_user", "pk": 204, "fields": {"timetable": 204, "user": null}}, {"model": "timetable.timetable_user", "pk": 205, "fields": {"timetable": 205, "user": null}}, {"model": "timetable.timetable_user", "pk": 206, "fields": {"timetable": 206, "user": null}}, {"model": "timetable.timetable_user", "pk": 207, "fields": {"timetable": 207, "user": null}}, {"model": "timetable.timetable_user", "pk": 208, "fields": {"timetable": 208, "user": null}}, {"model": "timetable.timetable_user", "pk": 209, "fields": {"timetable": 209, "user": null}}, {"model": "timetable.timetable_user", "pk": 210, "fields": {"timetable": 210, "user": null}}, {"model": "timetable.timetable_user", "pk": 211, "fields": {"timetable": 211, "user": null}}, {"model": "timetable.timetable_user", "pk": 212, "fields": {"timetable": 212, "user": null}}, {"model": "timetable.timetable_user", "pk": 213, "fields": {"timetable": 213, "user": null}}, {"model": "timetable.timetable_user", "pk": 214, "fields": {"timetable": 214, "user": null}}, {"model": "timetable.timetable_user", "pk": 215, "fields": {"timetable": 215, "user": null}}, {"model": "timetable.timetable_user", "pk": 216, "fields": {"timetable": 216, "user": null}}, {"model": "timetable.timetable_user", "pk": 217, "fields": {"timetable": 217, "user": null}}, {"model": "timetable.timetable_user", "pk": 218, "fields": {"timetable": 218, "user": null}}, {"model": "timetable.timetable_user", "pk": 219, "fields": {"timetable": 219, "user": null}}, {"model": "timetable.timetable_user", "pk": 220, "fields": {"timetable": 220, "user": null}}, {"model": "timetable.timetable_user", "pk": 221, "fields": {"timetable": 221, "user": null}}, {"model": "timetable.timetable_user", "pk": 222, "fields": {"timetable": 222, "user": null}}, {"model": "timetable.timetable_user", "pk": 223, "fields": {"timetable": 223, "user": null}}, {"model": "timetable.timetable_user", "pk": 224, "fields": {"timetable": 224, "user": null}}, {"model": "timetable.timetable_user", "pk": 225, "fields": {"timetable": 225, "user": null}}, {"model": "timetable.timetable_user", "pk": 226, "fields": {"timetable": 226, "user": null}}, {"model": "timetable.timetable_user", "pk": 227, "fields": {"timetable": 227, "user": null}}, {"model": "timetable.timetable_user", "pk": 228, "fields": {"timetable": 228, "user": null}}, {"model": "timetable.timetable_user", "pk": 229, "fields": {"timetable": 229, "user": null}}, {"model": "timetable.timetable_user", "pk": 230, "fields": {"timetable": 230, "user": null}}, {"model": "timetable.timetable_user", "pk": 231, "fields": {"timetable": 231, "user": null}}, {"model": "timetable.timetable_user", "pk": 232, "fields": {"timetable": 232, "user": null}}, {"model": "timetable.timetable_user", "pk": 233, "fields": {"timetable": 233, "user": null}}, {"model": "timetable.timetable_user", "pk": 234, "fields": {"timetable": 234, "user": null}}, {"model": "timetable.timetable_user", "pk": 235, "fields": {"timetable": 235, "user": null}}, {"model": "timetable.timetable_user", "pk": 236, "fields": {"timetable": 236, "user": null}}, {"model": "timetable.timetable_user", "pk": 237, "fields": {"timetable": 237, "user": null}}, {"model": "timetable.timetable_user", "pk": 250, "fields": {"timetable": 250, "user": null}}, {"model": "timetable.timetable_user", "pk": 251, "fields": {"timetable": 251, "user": null}}, {"model": "timetable.timetable_user", "pk": 252, "fields": {"timetable": 252, "user": null}}, {"model": "timetable.timetable_user", "pk": 253, "fields": {"timetable": 253, "user": null}}, {"model": "timetable.timetable_user", "pk": 254, "fields": {"timetable": 254, "user": null}}, {"model": "timetable.timetable_user", "pk": 258, "fields": {"timetable": 258, "user": null}}, {"model": "timetable.timetable_user", "pk": 259, "fields": {"timetable": 259, "user": null}}, {"model": "timetable.timetable_user", "pk": 260, "fields": {"timetable": 260, "user": null}}, {"model": "timetable.timetable_user", "pk": 261, "fields": {"timetable": 261, "user": null}}, {"model": "timetable.timetable_user", "pk": 262, "fields": {"timetable": 262, "user": null}}, {"model": "timetable.timetable_user", "pk": 263, "fields": {"timetable": 263, "user": null}}, {"model": "timetable.timetable_user", "pk": 264, "fields": {"timetable": 264, "user": null}}, {"model": "timetable.timetable_user", "pk": 265, "fields": {"timetable": 265, "user": null}}, {"model": "timetable.timetable_user", "pk": 266, "fields": {"timetable": 266, "user": null}}, {"model": "timetable.timetable_user", "pk": 267, "fields": {"timetable": 267, "user": null}}, {"model": "timetable.timetable_user", "pk": 268, "fields": {"timetable": 268, "user": null}}, {"model": "timetable.timetable_user", "pk": 269, "fields": {"timetable": 269, "user": null}}, {"model": "timetable.timetable_user", "pk": 270, "fields": {"timetable": 270, "user": null}}, {"model": "timetable.timetable_user", "pk": 271, "fields": {"timetable": 271, "user": null}}, {"model": "timetable.timetable_user", "pk": 272, "fields": {"timetable": 272, "user": null}}, {"model": "timetable.timetable_user", "pk": 273, "fields": {"timetable": 273, "user": null}}, {"model": "timetable.timetable_user", "pk": 294, "fields": {"timetable": 294, "user": null}}, {"model": "timetable.timetable_user", "pk": 295, "fields": {"timetable": 295, "user": null}}, {"model": "timetable.timetable_user", "pk": 296, "fields": {"timetable": 296, "user": null}}, {"model": "timetable.timetable_user", "pk": 297, "fields": {"timetable": 297, "user": null}}, {"model": "timetable.timetable_user", "pk": 298, "fields": {"timetable": 298, "user": null}}, {"model": "timetable.timetable_user", "pk": 299, "fields": {"timetable": 299, "user": null}}, {"model": "timetable.timetable_user", "pk": 300, "fields": {"timetable": 300, "user": null}}, {"model": "timetable.timetable_user", "pk": 301, "fields": {"timetable": 301, "user": null}}, {"model": "timetable.timetable_user", "pk": 302, "fields": {"timetable": 302, "user": null}}, {"model": "timetable.timetable_user", "pk": 303, "fields": {"timetable": 303, "user": null}}, {"model": "timetable.timetable_user", "pk": 304, "fields": {"timetable": 304, "user": null}}, {"model": "timetable.timetable_user", "pk": 305, "fields": {"timetable": 305, "user": null}}, {"model": "timetable.timetable_user", "pk": 306, "fields": {"timetable": 306, "user": null}}, {"model": "timetable.timetable_user", "pk": 307, "fields": {"timetable": 307, "user": null}}, {"model": "timetable.timetable_user", "pk": 308, "fields": {"timetable": 308, "user": null}}, {"model": "timetable.timetable_user", "pk": 309, "fields": {"timetable": 309, "user": null}}, {"model": "timetable.timetable_user", "pk": 310, "fields": {"timetable": 310, "user": null}}, {"model": "timetable.timetable_user", "pk": 311, "fields": {"timetable": 311, "user": null}}, {"model": "timetable.timetable_user", "pk": 312, "fields": {"timetable": 312, "user": null}}, {"model": "timetable.timetable_user", "pk": 313, "fields": {"timetable": 313, "user": null}}, {"model": "timetable.timetable_user", "pk": 314, "fields": {"timetable": 314, "user": null}}, {"model": "timetable.timetable_user", "pk": 315, "fields": {"timetable": 315, "user": null}}, {"model": "timetable.timetable_user", "pk": 316, "fields": {"timetable": 316, "user": null}}, {"model": "timetable.timetable_user", "pk": 317, "fields": {"timetable": 317, "user": null}}, {"model": "timetable.timetable_user", "pk": 318, "fields": {"timetable": 318, "user": null}}, {"model": "timetable.timetable_user", "pk": 319, "fields": {"timetable": 319, "user": null}}, {"model": "timetable.timetable_user", "pk": 320, "fields": {"timetable": 320, "user": null}}, {"model": "timetable.timetable_user", "pk": 321, "fields": {"timetable": 321, "user": null}}, {"model": "timetable.timetable_user", "pk": 322, "fields": {"timetable": 322, "user": null}}, {"model": "timetable.timetable_user", "pk": 323, "fields": {"timetable": 323, "user": null}}, {"model": "timetable.timetable_user", "pk": 356, "fields": {"timetable": 356, "user": null}}, {"model": "timetable.timetable_user", "pk": 357, "fields": {"timetable": 357, "user": null}}, {"model": "timetable.timetable_user", "pk": 358, "fields": {"timetable": 358, "user": null}}, {"model": "timetable.timetable_user", "pk": 359, "fields": {"timetable": 359, "user": null}}, {"model": "timetable.timetable_user", "pk": 360, "fields": {"timetable": 360, "user": null}}, {"model": "timetable.timetable_user", "pk": 361, "fields": {"timetable": 361, "user": null}}, {"model": "timetable.timetable_user", "pk": 362, "fields": {"timetable": 362, "user": null}}, {"model": "timetable.timetable_user", "pk": 363, "fields": {"timetable": 363, "user": null}}, {"model": "timetable.timetable_user", "pk": 364, "fields": {"timetable": 364, "user": null}}, {"model": "timetable.timetable_user", "pk": 365, "fields": {"timetable": 365, "user": null}}, {"model": "timetable.timetable_user", "pk": 366, "fields": {"timetable": 366, "user": null}}, {"model": "timetable.timetable_user", "pk": 367, "fields": {"timetable": 367, "user": null}}, {"model": "timetable.timetable_user", "pk": 368, "fields": {"timetable": 368, "user": null}}, {"model": "timetable.timetable_user", "pk": 369, "fields": {"timetable": 369, "user": null}}, {"model": "timetable.timetable_user", "pk": 370, "fields": {"timetable": 370, "user": null}}, {"model": "timetable.timetable_user", "pk": 371, "fields": {"timetable": 371, "user": null}}, {"model": "timetable.timetable_user", "pk": 372, "fields": {"timetable": 372, "user": null}}, {"model": "user.user", "pk": 1, "fields": {"password": "pbkdf2_sha256$390000$UYztBMlrQEbdT4DuIfE4OQ$UsnwvKwMSYI1jHr9mrYoj6tQ2+NPeUaNRAEpQ+gFXwU=", "last_login": "2023-09-04T03:41:10.207", "registration_id": "3045463", "first_name": "ISABELLA", "last_name": "VALERIO MAZARÁ", "email": "i.mazara@aluno.ifsp.edu.br", "telephone": "(66)6666-6666", "cell_phone": "119999999999", "date_joined": "2023-08-31T14:19:52.157", "is_superuser": true, "is_staff": true, "is_active": true, "is_fgfcc": false, "is_professor": true, "history": 16, "job": 194, "groups": [], "user_permissions": [], "blocks": [1, 2, 3, 4, 5]}}, {"model": "user.user", "pk": 2, "fields": {"password": "pbkdf2_sha256$390000$rV28gPAHwcfWAO4k0sCyr1$RTc9/PKgUkCiSYYzmZzFSqG28hyRoVysig5y/FrIF38=", "last_login": null, "registration_id": "3044505", "first_name": "ANA PAULA", "last_name": "MOURA MESSIAS DE SOUZA", "email": "moura.a@aluno.ifsp.edu.br", "telephone": "-", "cell_phone": "119999999998", "date_joined": "2023-09-01T05:10:47.168", "is_superuser": true, "is_staff": true, "is_active": true, "is_fgfcc": false, "is_professor": true, "history": 1, "job": 136, "groups": [], "user_permissions": [], "blocks": [1, 2, 3, 4, 5]}}, {"model": "user.user", "pk": 3, "fields": {"password": "pbkdf2_sha256$390000$LrORP1VmBEeozt3e0qksKr$7mQOl51vOBcEQr5rCLcLtAgx9RsNvanTPZEC9XiKJOQ=", "last_login": null, "registration_id": "3044491", "first_name": "GUSTAVO", "last_name": "SANTOS COSTA SOARES", "email": "santos.soares@aluno.ifsp.edu.br", "telephone": "(11)1111-1111", "cell_phone": "1199999999999", "date_joined": "2023-09-01T05:13:14.092", "is_superuser": true, "is_staff": true, "is_active": true, "is_fgfcc": false, "is_professor": true, "history": 14, "job": 214, "groups": [], "user_permissions": [], "blocks": [1, 2, 3, 4, 5]}}, {"model": "user.user", "pk": 5, "fields": {"password": "pbkdf2_sha256$390000$FaxgG5byX0ySEKtUXmL1Cd$brLeB4vlQg12KODx2EQDH8StGcU++9DvPYW7hxvXGPM=", "last_login": null, "registration_id": "3045439", "first_name": "JOSINEUDO", "last_name": "DAS CHAGAS ARRUDA", "email": "josineudo.c@aluno.ifsp.edu.br", "telephone": "(16)2363-6261", "cell_phone": "119999999997", "date_joined": "2023-09-01T05:15:32.196", "is_superuser": true, "is_staff": true, "is_active": true, "is_fgfcc": false, "is_professor": true, "history": 17, "job": 44, "groups": [], "user_permissions": [], "blocks": [1, 2, 3, 4, 5]}}, {"model": "user.user", "pk": 6, "fields": {"password": "pbkdf2_sha256$390000$NWiF8AI4AHJNHnFpGPhRZ3$LhGyp/bOY+WxB05IJgAW+clFKvMox0wUaa1iJbqoRdg=", "last_login": null, "registration_id": "3045382", "first_name": "PAULO KENJI", "last_name": "YOKOTA MUNEISCHI", "email": "paulo.muneischi@aluno.ifsp.edu.br", "telephone": "(91)8299-1929", "cell_phone": "1199999999966", "date_joined": "2023-09-01T05:17:59.136", "is_superuser": true, "is_staff": true, "is_active": true, "is_fgfcc": false, "is_professor": true, "history": 19, "job": 50, "groups": [], "user_permissions": [], "blocks": [1, 2, 3, 4, 5]}}, {"model": "user.user", "pk": 7, "fields": {"password": "pbkdf2_sha256$390000$YKGtI1FU3aQ0YGCS9ZbmOs$j+cqjhqPsjPW/9Eg/5mzG6DFh6XlDQhXuFhEnlq+MMo=", "last_login": "2023-09-02T18:09:18.277", "registration_id": "D", "first_name": "D", "last_name": "D", "email": "d@aluno.ifsp.edu.br", "telephone": "(77)7777-7777", "cell_phone": "1199999999995", "date_joined": "2023-09-01T05:19:13.491", "is_superuser": true, "is_staff": true, "is_active": true, "is_fgfcc": false, "is_professor": true, "history": 11, "job": 212, "groups": [], "user_permissions": [], "blocks": [1, 2, 3, 4, 5]}}, {"model": "user.user", "pk": 8, "fields": {"password": "pbkdf2_sha256$390000$S78PbjiOuxFRv4CV7XdWBe$6sAGera64+FypPiRs43hLUxWJq/aPuRxOLmBb1cY5Kk=", "last_login": "2023-09-04T04:04:30.770", "registration_id": "SP1284708", "first_name": "LEONARDO", "last_name": "ANDRADE MOTTA DE LIMA", "email": "leonardo.motta@ifsp.edu.br", "telephone": "93939393993", "cell_phone": "+5511999999999", "date_joined": "2023-09-01T19:41:19.307", "is_superuser": false, "is_staff": true, "is_active": true, "is_fgfcc": false, "is_professor": true, "history": 18, "job": 47, "groups": [], "user_permissions": [], "blocks": [1]}}, {"model": "user.user", "pk": 9, "fields": {"password": "pbkdf2_sha256$390000$Jo0QQeMiNWKMt4hvY3tLhi$z4Ak2Rrv4SJ9MF94Q/1nRLznfCDHhYcFx0RFpcKTxb4=", "last_login": "2023-09-04T04:07:31.594", "registration_id": "SP3278994", "first_name": "GUSTAVO", "last_name": "FORTUNATO PUGA", "email": "gustavo.puga@ifsp.edu.br", "telephone": "02939929202", "cell_phone": "+5511999999998", "date_joined": "2023-09-01T19:43:18.973", "is_superuser": false, "is_staff": false, "is_active": true, "is_fgfcc": false, "is_professor": true, "history": 15, "job": 141, "groups": [], "user_permissions": [], "blocks": [1]}}, {"model": "user.user", "pk": 10, "fields": {"password": "pbkdf2_sha256$390000$4aLhZcbO6b9kEnc0O0GGbe$voLxK6p00a4uHJZJbmgoWwmBBYyzBpzgSiuJC3bDOv8=", "last_login": "2023-09-04T04:08:54.394", "registration_id": "SP0000000", "first_name": "BANCA", "last_name": "BANCA", "email": "banca@ifsp.edu.br", "telephone": null, "cell_phone": "(11)99999-0000", "date_joined": "2023-09-02T02:10:18.080", "is_superuser": false, "is_staff": false, "is_active": true, "is_fgfcc": false, "is_professor": true, "history": 9, "job": 137, "groups": [], "user_permissions": [], "blocks": [1]}}, {"model": "user.user", "pk": 11, "fields": {"password": "pbkdf2_sha256$390000$ymTlnTBNZlYvb4xcxErul9$enBl9DQ63myCIOIFN0ggYx5uXfioDPm89uaCbkfvZes=", "last_login": "2023-09-04T03:34:14.720", "registration_id": "SP0101010", "first_name": "TRIO 1", "last_name": "TESTE", "email": "trio1@ifsp.edu.br", "telephone": "(85)5856-5868", "cell_phone": "+5511999999990", "date_joined": "2023-09-02T02:13:25.937", "is_superuser": true, "is_staff": true, "is_active": true, "is_fgfcc": false, "is_professor": true, "history": 23, "job": 191, "groups": [], "user_permissions": [], "blocks": [1]}}, {"model": "user.user", "pk": 12, "fields": {"password": "pbkdf2_sha256$390000$9Z0GF5wxKInQ0oUAMS1drN$hL87sRVmp2yTtzsqQTGyzXlk/6NrqgnJPkK5Dakrn5w=", "last_login": "2023-09-04T03:34:52.915", "registration_id": "SP0202020", "first_name": "TRIO 2", "last_name": "TESTE", "email": "trio2@ifsp.edu.br", "telephone": "(28)3882-9229", "cell_phone": "+5511999999900", "date_joined": "2023-09-02T02:15:24.647", "is_superuser": true, "is_staff": true, "is_active": true, "is_fgfcc": false, "is_professor": true, "history": 22, "job": 190, "groups": [], "user_permissions": [], "blocks": [1, 2, 3, 4, 5]}}, {"model": "user.user", "pk": 13, "fields": {"password": "pbkdf2_sha256$390000$N357H5X8vXkcSp7vdBKsOU$bYTji5129nYzK8sq7fWCRKkopOrbmuovO57Tg+lJcSI=", "last_login": "2023-09-04T03:35:10.949", "registration_id": "SP0303030", "first_name": "TRIO 3", "last_name": "TESTE", "email": "trio3@ifsp.edu.br", "telephone": "(28)2899-3828", "cell_phone": "+5511999999901", "date_joined": "2023-09-02T02:16:35.584", "is_superuser": true, "is_staff": true, "is_active": true, "is_fgfcc": true, "is_professor": true, "history": 20, "job": 189, "groups": [], "user_permissions": [], "blocks": [1, 2]}}, {"model": "user.user", "pk": 14, "fields": {"password": "pbkdf2_sha256$390000$M08PlrLu4LQ9YX1Gn5pjkb$blUSrENbBYTF4BYwN4lC6USCICnGqevFvWW+8gcbHfU=", "last_login": "2023-09-04T03:35:32.300", "registration_id": "SP0404040", "first_name": "DUPLO 1", "last_name": "TESTE", "email": "duplo1@ifsp.edu.br", "telephone": "(55)5555-5555", "cell_phone": "+5511999999000", "date_joined": "2023-09-02T02:18:22.755", "is_superuser": false, "is_staff": true, "is_active": true, "is_fgfcc": true, "is_professor": true, "history": 12, "job": 138, "groups": [], "user_permissions": [], "blocks": [1]}}, {"model": "user.user", "pk": 15, "fields": {"password": "pbkdf2_sha256$390000$sXYwzAu4ogACDxLPUsJoZJ$6KB/hwf2MBy7wqJKv9ECButNprbahM1jC72uXuf2W2w=", "last_login": "2023-09-04T03:35:48.443", "registration_id": "SP0505050", "first_name": "DUPLO 2", "last_name": "TESTE", "email": "duplo2@ifsp.edu.br", "telephone": "(33)3333-3333", "cell_phone": "+5511999999001", "date_joined": "2023-09-02T02:20:35.611", "is_superuser": false, "is_staff": true, "is_active": true, "is_fgfcc": false, "is_professor": true, "history": 13, "job": 140, "groups": [], "user_permissions": [], "blocks": [3, 4, 5]}}, {"model": "user.user", "pk": 16, "fields": {"password": "pbkdf2_sha256$390000$pFg9O2pjyMhSkduvqHjCuy$JI5AS7nE4U0a+XI+SdIDb+omkk5MIwZmCpbOKyjW9Mk=", "last_login": "2023-09-04T03:36:04.252", "registration_id": "SP0606060", "first_name": "BIS 1", "last_name": "TESTE", "email": "bis1@ifsp.edu.br", "telephone": "(99)9999-9999", "cell_phone": "+5511999999002", "date_joined": "2023-09-02T02:22:36.123", "is_superuser": true, "is_staff": false, "is_active": true, "is_fgfcc": false, "is_professor": true, "history": 10, "job": 139, "groups": [], "user_permissions": [], "blocks": [1]}}, {"model": "user.user", "pk": 17, "fields": {"password": "pbkdf2_sha256$390000$jimVExBgOotfLRqIE9JLiJ$M08h0uJQ/u4Ie0clzvRUFq/37NV8yiFpOt+sB7+GDcw=", "last_login": "2023-09-04T03:36:20.073", "registration_id": "SP0707070", "first_name": "BIS 2", "last_name": "TESTE", "email": "bis2@ifsp.edu.br", "telephone": null, "cell_phone": "+5511999990000", "date_joined": "2023-09-02T02:24:53.479", "is_superuser": true, "is_staff": true, "is_active": true, "is_fgfcc": false, "is_professor": false, "history": null, "job": null, "groups": [], "user_permissions": [], "blocks": [1, 2]}}, {"model": "user.user", "pk": 18, "fields": {"password": "pbkdf2_sha256$390000$5XkMkcHa3eeRyJu7F7fcUf$ZxrvgzrfVQtlS88tz/b7SWWkEwubcLv6m0EUGeqGuAc=", "last_login": "2023-09-04T03:50:08.710", "registration_id": "SP1111111", "first_name": "PROFESSOR 1", "last_name": "TESTE", "email": "professor1@ifsp.edu.br", "telephone": "(64)6567-7686", "cell_phone": "+5511999999003", "date_joined": "2023-09-02T02:27:44.590", "is_superuser": false, "is_staff": false, "is_active": true, "is_fgfcc": false, "is_professor": true, "history": 29, "job": 70, "groups": [], "user_permissions": [], "blocks": [1]}}, {"model": "user.user", "pk": 19, "fields": {"password": "pbkdf2_sha256$390000$aEfL1kmVeEI2RWBtoQuhHs$QSzggUlegJv5t8g7aAPgXQedlylgtJ4mi2ZYKhsCbRU=", "last_login": "2023-09-04T03:50:23.356", "registration_id": "SP1111112", "first_name": "PROFESSOR 2", "last_name": "TESTE", "email": "professor2@ifsp.edu.br", "telephone": "(66)6666-6670", "cell_phone": "+5511999999004", "date_joined": "2023-09-02T02:35:51.187", "is_superuser": false, "is_staff": false, "is_active": true, "is_fgfcc": false, "is_professor": true, "history": 49, "job": 113, "groups": [], "user_permissions": [], "blocks": [1]}}, {"model": "user.user", "pk": 20, "fields": {"password": "pbkdf2_sha256$390000$EVsms1OkZaxrM5DaFWHTyx$dqEA5VVx2Px7+xSr2vZfYRGoIPGG2WC7dAb5FQFzXiM=", "last_login": "2023-09-04T03:50:38.482", "registration_id": "SP1111113", "first_name": "PROFESSOR 3", "last_name": "TESTE", "email": "professor3@ifsp.edu.br", "telephone": "(89)6969-6898", "cell_phone": "+5511999999005", "date_joined": "2023-09-02T02:36:47.475", "is_superuser": false, "is_staff": false, "is_active": true, "is_fgfcc": false, "is_professor": true, "history": 63, "job": 158, "groups": [], "user_permissions": [], "blocks": [1]}}, {"model": "user.user", "pk": 21, "fields": {"password": "pbkdf2_sha256$390000$uawouopeywyRrBg3C8wznR$e5uUsFdKot18YaHtwr7Hcw5k8JoTu7s8kL3//kw9nHk=", "last_login": "2023-09-04T03:50:53.908", "registration_id": "SP1111114", "first_name": "PROFESSOR 4", "last_name": "TESTE", "email": "professor4@ifsp.edu.br", "telephone": "(88)3929-3892", "cell_phone": "+551199999000", "date_joined": "2023-09-02T02:38:38.135", "is_superuser": false, "is_staff": false, "is_active": true, "is_fgfcc": false, "is_professor": true, "history": 43, "job": 201, "groups": [], "user_permissions": [], "blocks": [1]}}, {"model": "user.user", "pk": 22, "fields": {"password": "pbkdf2_sha256$390000$qLq4OVJjhulksPTxOx6Baq$RpimdC0dViqfKD2Fs60X206Nq+ppdXcPj3ANis2cZE8=", "last_login": "2023-09-04T03:51:09.489", "registration_id": "SP1111115", "first_name": "PROFESSOR 5", "last_name": "TESTE", "email": "professor5@ifsp.edu.br", "telephone": "(75)7575-7574", "cell_phone": "+551199999005", "date_joined": "2023-09-02T02:39:50.776", "is_superuser": false, "is_staff": false, "is_active": true, "is_fgfcc": false, "is_professor": true, "history": 28, "job": 67, "groups": [], "user_permissions": [], "blocks": [1]}}, {"model": "user.user", "pk": 23, "fields": {"password": "pbkdf2_sha256$390000$4eeV8kyUQwbKAcCaOn0zgr$wRrhxAqKTivndzfXcktZnSUgYeGoXDWCc/Kltwfr/Cw=", "last_login": "2023-09-04T03:51:23.711", "registration_id": "SP1111116", "first_name": "PROFESSOR 6", "last_name": "TESTE", "email": "professor6@ifsp.edu.br", "telephone": "(86)8686-6564", "cell_phone": "+5511999999007", "date_joined": "2023-09-02T02:40:59.960", "is_superuser": false, "is_staff": false, "is_active": true, "is_fgfcc": false, "is_professor": true, "history": 27, "job": 202, "groups": [], "user_permissions": [], "blocks": [1]}}, {"model": "user.user", "pk": 24, "fields": {"password": "pbkdf2_sha256$390000$pc4bQ8eX0ZKieeKq3oYERO$ITTpgbFQpaRsqg+zfA7b35BZe7R7Ti4XmjWto5fC2Kw=", "last_login": "2023-09-04T03:51:36.176", "registration_id": "SP1111117", "first_name": "PROFESSOR 7", "last_name": "TESTE", "email": "professor7@ifsp.edu.br", "telephone": "(29)8738-7983", "cell_phone": "+5511999999992", "date_joined": "2023-09-02T02:44:51.842", "is_superuser": false, "is_staff": false, "is_active": true, "is_fgfcc": false, "is_professor": true, "history": 26, "job": 62, "groups": [], "user_permissions": [], "blocks": [1]}}, {"model": "user.user", "pk": 25, "fields": {"password": "pbkdf2_sha256$390000$4h5uE0f8cUwn1hbccj26oJ$M4EBg9DoLH9N6Rk9FY4fYtvUgREKWY2GpqjcmiPQ8YE=", "last_login": "2023-09-04T03:51:49.875", "registration_id": "SP1111118", "first_name": "PROFESSOR 8", "last_name": "TESTE", "email": "professor8@ifsp.edu.br", "telephone": "(29)9382-9938", "cell_phone": "+5511999999906", "date_joined": "2023-09-02T02:45:53.751", "is_superuser": false, "is_staff": false, "is_active": true, "is_fgfcc": false, "is_professor": true, "history": 25, "job": 200, "groups": [], "user_permissions": [], "blocks": [1]}}, {"model": "user.user", "pk": 26, "fields": {"password": "pbkdf2_sha256$390000$3LIdz6rjHQQkOTrxkfGfsR$Ouyk0KtbKtkyhKXGB1VzphyLzNzdbT6kWGvla16cGd0=", "last_login": "2023-09-04T03:52:06.720", "registration_id": "SP1111119", "first_name": "PROFESSOR 9", "last_name": "TESTE", "email": "professor9@ifsp.edu.br", "telephone": "(98)4839-4839", "cell_phone": "+5511999999907", "date_joined": "2023-09-02T02:52:26.385", "is_superuser": false, "is_staff": false, "is_active": true, "is_fgfcc": false, "is_professor": true, "history": 24, "job": 193, "groups": [], "user_permissions": [], "blocks": [1]}}, {"model": "user.user", "pk": 27, "fields": {"password": "pbkdf2_sha256$390000$qeQ45S8VsUpKGhCq4kPDfc$rQVv1B2MukYkqlOQf/v6LuIDAcP+/Mg5hbQss7IDAXo=", "last_login": "2023-09-04T03:52:23.543", "registration_id": "SP1111120", "first_name": "PROFESSOR 10", "last_name": "TESTE", "email": "professor10@ifsp.edu.br", "telephone": "(75)7688-6978", "cell_phone": "+5511999999909", "date_joined": "2023-09-02T02:56:01.063", "is_superuser": false, "is_staff": false, "is_active": true, "is_fgfcc": false, "is_professor": true, "history": 30, "job": 72, "groups": [], "user_permissions": [], "blocks": [1]}}, {"model": "user.user", "pk": 28, "fields": {"password": "pbkdf2_sha256$390000$kx9kkhc384VHv6h8N97y3I$hY+rpJEvzTVH6shlX7z29pZXAlY0UZl2TB2rcPyvioE=", "last_login": "2023-09-04T03:53:00.699", "registration_id": "SP1111121", "first_name": "PROFESSOR 11", "last_name": "TESTE", "email": "professor11@ifsp.edu.br", "telephone": "(87)8799-9987", "cell_phone": "+5511999999090", "date_joined": "2023-09-02T02:58:03.103", "is_superuser": false, "is_staff": false, "is_active": true, "is_fgfcc": false, "is_professor": true, "history": 31, "job": 74, "groups": [], "user_permissions": [], "blocks": [1]}}, {"model": "user.user", "pk": 29, "fields": {"password": "pbkdf2_sha256$390000$dYY1Sg40k3QAyiuqZEcIfY$LEsouVpB5iDXRDb2p0Uasxb/UgnrYvhWnhBCF8/Otkw=", "last_login": "2023-09-04T03:53:15.380", "registration_id": "SP1111122", "first_name": "PROFESSOR 12", "last_name": "TESTE", "email": "professor12@ifsp.edu.br", "telephone": "(65)7687-6869", "cell_phone": "+5511999999080", "date_joined": "2023-09-02T02:59:13.194", "is_superuser": false, "is_staff": false, "is_active": true, "is_fgfcc": false, "is_professor": true, "history": 32, "job": 76, "groups": [], "user_permissions": [], "blocks": [1]}}, {"model": "user.user", "pk": 30, "fields": {"password": "pbkdf2_sha256$390000$9ZdFqCr8Mh8W1mQCMae0np$gnLY7apfUwcsTqlj3iTGbUqsFXYZIRLgb0Xc/nAIOP0=", "last_login": "2023-09-04T03:53:29.879", "registration_id": "SP1111123", "first_name": "PROFESSOR 13", "last_name": "TESTE", "email": "professor13@ifsp.edu.br", "telephone": "(66)6666-6661", "cell_phone": "+5511999999070", "date_joined": "2023-09-02T03:00:19.687", "is_superuser": false, "is_staff": false, "is_active": true, "is_fgfcc": false, "is_professor": true, "history": 34, "job": 80, "groups": [], "user_permissions": [], "blocks": [1]}}, {"model": "user.user", "pk": 31, "fields": {"password": "pbkdf2_sha256$390000$RbhHtHt5wmca8VRhU7bDKf$thTo1M0zY2PHFGiJrqjRk91XSRrBrYJ0spLjkr2RsYE=", "last_login": "2023-09-04T03:53:44.852", "registration_id": "SP1111124", "first_name": "PROFESSOR 14", "last_name": "TESTE", "email": "professor14@ifsp.edu.br", "telephone": "(66)6666-6662", "cell_phone": "+5511999999988", "date_joined": "2023-09-02T03:01:20.240", "is_superuser": false, "is_staff": false, "is_active": true, "is_fgfcc": false, "is_professor": true, "history": 35, "job": 197, "groups": [], "user_permissions": [], "blocks": [1]}}, {"model": "user.user", "pk": 32, "fields": {"password": "pbkdf2_sha256$390000$dWII6emHP3mrV4c8CJDl3x$IZrTdi2yAljNsISQ87jnMHZnziZQCbhuoBxwWuDLJlE=", "last_login": "2023-09-04T03:54:05.142", "registration_id": "SP1111125", "first_name": "PROFESSOR 15", "last_name": "TESTE", "email": "professor15@ifsp.edu.br", "telephone": "(87)8686-8979", "cell_phone": "+5511999999977", "date_joined": "2023-09-02T03:02:22.168", "is_superuser": false, "is_staff": true, "is_active": true, "is_fgfcc": true, "is_professor": true, "history": 38, "job": 192, "groups": [], "user_permissions": [], "blocks": [1]}}, {"model": "user.user", "pk": 33, "fields": {"password": "pbkdf2_sha256$390000$kWLrPrXQ38uDzmAZfFVxVl$ChH0s0xxpdZpss1ZqemfpYSIfhUkMv6cKyWX+d+eL/w=", "last_login": "2023-09-04T03:54:19.311", "registration_id": "SP1111126", "first_name": "PROFESSOR 16", "last_name": "TESTE", "email": "professor16@ifsp.edu.br", "telephone": "(66)6666-6664", "cell_phone": "+5511999999966", "date_joined": "2023-09-02T03:03:40.796", "is_superuser": false, "is_staff": false, "is_active": true, "is_fgfcc": false, "is_professor": true, "history": 36, "job": 196, "groups": [], "user_permissions": [], "blocks": [1]}}, {"model": "user.user", "pk": 34, "fields": {"password": "pbkdf2_sha256$390000$Xf9WkuHBcbqxi8C0lByIyM$4OqzJzcP9aGoaVn3m6s5s6MQhpWWEDtF02kzbrwGvWw=", "last_login": "2023-09-04T03:54:32.518", "registration_id": "SP1111127", "first_name": "PROFESSOR 17", "last_name": "TESTE", "email": "professor17@ifsp.edu.br", "telephone": "(66)6666-6665", "cell_phone": "+5511999999955", "date_joined": "2023-09-02T03:04:55.153", "is_superuser": false, "is_staff": false, "is_active": true, "is_fgfcc": false, "is_professor": true, "history": 37, "job": 199, "groups": [], "user_permissions": [], "blocks": [1]}}, {"model": "user.user", "pk": 35, "fields": {"password": "pbkdf2_sha256$390000$onuFjKEDpkMF02fLp2c4eW$jH8hdgVONgVoLZtz4iXADOG1idA7gZ1Cj5yH/0bxRTk=", "last_login": "2023-09-04T03:54:45.265", "registration_id": "SP1111128", "first_name": "PROFESSOR 18", "last_name": "TESTE", "email": "professor18@ifsp.edu.br", "telephone": "(66)6666-6667", "cell_phone": "+5511999999944", "date_joined": "2023-09-02T03:05:49.706", "is_superuser": false, "is_staff": false, "is_active": true, "is_fgfcc": false, "is_professor": true, "history": 39, "job": 195, "groups": [], "user_permissions": [], "blocks": [1]}}, {"model": "user.user", "pk": 36, "fields": {"password": "pbkdf2_sha256$390000$NgdpkjEmDcZGiWMOzhItO6$QAXc51dGsFPsYipckmqyeZlqVCjcNtprTKPSOLH+Mps=", "last_login": "2023-09-04T03:55:02.849", "registration_id": "SP1111129", "first_name": "PROFESSOR 19", "last_name": "TESTE", "email": "professor19@ifsp.edu.br", "telephone": "(66)6666-6669", "cell_phone": "+5511999999933", "date_joined": "2023-09-02T03:06:54.120", "is_superuser": false, "is_staff": false, "is_active": true, "is_fgfcc": false, "is_professor": true, "history": 44, "job": 105, "groups": [], "user_permissions": [], "blocks": [1]}}, {"model": "user.user", "pk": 37, "fields": {"password": "pbkdf2_sha256$390000$wWijRbRFq8gpJ2NybLylQo$hPbabsoYe18OO0O+ROqhI0O7zdvzghFqGS39qQ+D95k=", "last_login": "2023-09-04T03:55:21.402", "registration_id": "SP1111130", "first_name": "PROFESSOR 20", "last_name": "TESTE", "email": "professor20@ifsp.edu.br", "telephone": "(66)6666-6671", "cell_phone": "+5511999999922", "date_joined": "2023-09-02T03:08:32.558", "is_superuser": false, "is_staff": false, "is_active": true, "is_fgfcc": false, "is_professor": true, "history": 51, "job": 198, "groups": [], "user_permissions": [], "blocks": [1]}}, {"model": "user.user", "pk": 38, "fields": {"password": "pbkdf2_sha256$390000$ETGD9iM4IxqxXqQqePlIeJ$tJfKqsBBUCF0itsZFwMUNcEk/1gAKIwMIAUJ3uklVLU=", "last_login": "2023-09-04T03:55:37.212", "registration_id": "SP1111131", "first_name": "PROFESSOR 21", "last_name": "TESTE", "email": "professor21@ifsp.edu.br", "telephone": "(66)6666-6672", "cell_phone": "+5511999999911", "date_joined": "2023-09-02T03:09:23.595", "is_superuser": false, "is_staff": false, "is_active": true, "is_fgfcc": false, "is_professor": true, "history": 53, "job": 121, "groups": [], "user_permissions": [], "blocks": [1]}}, {"model": "user.user", "pk": 39, "fields": {"password": "pbkdf2_sha256$390000$0gbYLb3BU5BNhN6LMEHUeV$Z8itPlRKKAlQopCuFAV7DcF/kYsbQLS9sG945Xn/Kkc=", "last_login": "2023-09-04T03:56:44.091", "registration_id": "SP1111132", "first_name": "PROFESSOR 22", "last_name": "TESTE", "email": "professor22@ifsp.edu.br", "telephone": "(66)6666-6673", "cell_phone": "+5511999999033", "date_joined": "2023-09-02T03:12:57.870", "is_superuser": false, "is_staff": false, "is_active": true, "is_fgfcc": false, "is_professor": true, "history": 55, "job": 203, "groups": [], "user_permissions": [], "blocks": [1]}}, {"model": "user.user", "pk": 40, "fields": {"password": "pbkdf2_sha256$390000$MWwUSrJxZIiCMuetnIva6w$R2ovU7UHoAHs1RKoQmrDmN6ixf12AetrIonROF6UYkE=", "last_login": "2023-09-04T04:10:52.424", "registration_id": "SP1111133", "first_name": "PROFESSOR 23", "last_name": "TESTE", "email": "professor23@ifsp.edu.br", "telephone": "38299392939", "cell_phone": "+5511999999930", "date_joined": "2023-09-02T03:15:49.823", "is_superuser": false, "is_staff": false, "is_active": true, "is_fgfcc": false, "is_professor": true, "history": 57, "job": 148, "groups": [], "user_permissions": [], "blocks": [1]}}, {"model": "user.user", "pk": 41, "fields": {"password": "pbkdf2_sha256$390000$vAXbcTYemdfMiITjr74XGP$9xQdKKWCqzb42aulHWeNTpyVJvM6l7Y0Gj7WyL10Lz8=", "last_login": "2023-09-04T03:57:01.603", "registration_id": "SP1111134", "first_name": "PROFESSOR 24", "last_name": "TESTE", "email": "professor24@ifsp.edu.br", "telephone": "(66)6666-6675", "cell_phone": "+5511999999920", "date_joined": "2023-09-02T03:17:23.677", "is_superuser": false, "is_staff": false, "is_active": true, "is_fgfcc": false, "is_professor": true, "history": 59, "job": 152, "groups": [], "user_permissions": [], "blocks": [1]}}, {"model": "user.user", "pk": 42, "fields": {"password": "pbkdf2_sha256$390000$LEXbQuIgqkmn1P4rZiR2lU$Oeez4FSOzxSXk5KqIcgk3pstDGadHvs7/7bhD3u5v70=", "last_login": "2023-09-04T03:57:17.210", "registration_id": "SP1111135", "first_name": "PROFESSOR 25", "last_name": "TESTE", "email": "professor25@ifsp.edu.br", "telephone": "(66)6666-6676", "cell_phone": "+5511999999926", "date_joined": "2023-09-02T03:18:35.873", "is_superuser": false, "is_staff": false, "is_active": true, "is_fgfcc": false, "is_professor": true, "history": 62, "job": 157, "groups": [], "user_permissions": [], "blocks": [1]}}, {"model": "user.user", "pk": 43, "fields": {"password": "pbkdf2_sha256$390000$YjBZI7HL0i13hP9Utg9YeK$BzwlIe/cGhAc9EUl+CVRhKGg9cX4w1+69x1mtPmCvjY=", "last_login": "2023-09-04T03:57:35.956", "registration_id": "SP1111136", "first_name": "PROFESSOR 26", "last_name": "TESTE", "email": "professor26@ifsp.edu.br", "telephone": "(66)6666-6677", "cell_phone": "+5511999999928", "date_joined": "2023-09-02T03:28:27.570", "is_superuser": false, "is_staff": false, "is_active": true, "is_fgfcc": false, "is_professor": true, "history": 66, "job": 170, "groups": [], "user_permissions": [], "blocks": [1]}}, {"model": "user.user", "pk": 44, "fields": {"password": "pbkdf2_sha256$390000$liMuSJciIk49vOEyvSKNrW$skb6UxCkHMhmjmPgcMPslhXFoAA4lBc1jh5e6N/jeWE=", "last_login": "2023-09-04T03:57:49.239", "registration_id": "SP1111137", "first_name": "PROFESSOR 27", "last_name": "TESTE", "email": "professor27@ifsp.edu.br", "telephone": "(66)6666-6685", "cell_phone": "+5511999999912", "date_joined": "2023-09-02T03:29:29.025", "is_superuser": false, "is_staff": false, "is_active": true, "is_fgfcc": false, "is_professor": true, "history": 68, "job": 188, "groups": [], "user_permissions": [], "blocks": [1]}}, {"model": "user.user", "pk": 45, "fields": {"password": "pbkdf2_sha256$390000$LEQ2gnHSfVdNCjoLFnkplB$aabDTYPmLT9Ra0gX7v+OdFKfTG0M5tzgJ+uwTQMR3aA=", "last_login": "2023-09-04T03:58:04.036", "registration_id": "SP1111138", "first_name": "PROFESSOR 28", "last_name": "TESTE", "email": "professor28@ifsp.edu.br", "telephone": "(28)9929-3929", "cell_phone": "+5511999999924", "date_joined": "2023-09-02T03:30:33.608", "is_superuser": false, "is_staff": false, "is_active": true, "is_fgfcc": false, "is_professor": true, "history": 67, "job": 187, "groups": [], "user_permissions": [], "blocks": [1]}}, {"model": "user.user", "pk": 46, "fields": {"password": "pbkdf2_sha256$390000$L43092Kah8BewfyutnZeCX$9qhxY1Ph4cWncbNs9uZTF6sDM0YPBLzALtahuraaSeE=", "last_login": "2023-09-04T03:58:19.331", "registration_id": "SP1111139", "first_name": "PROFESSOR 29", "last_name": "TESTE", "email": "professor29@ifsp.edu.br", "telephone": "(82)8398-2993", "cell_phone": "+5511999999939", "date_joined": "2023-09-02T03:31:36.551", "is_superuser": false, "is_staff": false, "is_active": true, "is_fgfcc": false, "is_professor": true, "history": 64, "job": 166, "groups": [], "user_permissions": [], "blocks": [1]}}, {"model": "user.user", "pk": 47, "fields": {"password": "pbkdf2_sha256$390000$j0pELO2WrhSnaiU62jwaV5$8S+Fc6yDokhiDHNMKoN7vuCBqzveZ9Z9o3c8zo81ArQ=", "last_login": "2023-09-04T03:58:34.195", "registration_id": "SP1111140", "first_name": "PROFESSOR 30", "last_name": "TESTE", "email": "professor30@ifsp.edu.br", "telephone": "(92)9939-2939", "cell_phone": "+5511999999449", "date_joined": "2023-09-02T03:32:34.085", "is_superuser": false, "is_staff": false, "is_active": true, "is_fgfcc": false, "is_professor": true, "history": 60, "job": 153, "groups": [], "user_permissions": [], "blocks": [1]}}, {"model": "user.user", "pk": 48, "fields": {"password": "pbkdf2_sha256$390000$OfU6Mc9XzqG1KiytMHp0nL$CTUSVRAC5i0ds2mzhPSUKg6roShH1r9vn5r5nCk1xi0=", "last_login": "2023-09-04T03:58:59.657", "registration_id": "SP1111141", "first_name": "PROFESSOR 31", "last_name": "TESTE", "email": "professor31@ifsp.edu.br", "telephone": "(83)8293-9892", "cell_phone": "+5511999999222", "date_joined": "2023-09-02T03:33:47.857", "is_superuser": false, "is_staff": false, "is_active": true, "is_fgfcc": false, "is_professor": true, "history": 58, "job": 134, "groups": [], "user_permissions": [], "blocks": [1]}}, {"model": "user.user", "pk": 49, "fields": {"password": "pbkdf2_sha256$390000$Jbuk4jIK1fpGq0agBd3Xby$PLp1qTlk3KMMQB0bvWxhFHWzsF4cl766ug53EA1PowI=", "last_login": "2023-09-04T03:59:11.907", "registration_id": "SP1111142", "first_name": "PROFESSOR 32", "last_name": "TESTE", "email": "professor32@ifsp.edu.br", "telephone": "(82)8299-1839", "cell_phone": "+5511999999919", "date_joined": "2023-09-02T03:36:21.621", "is_superuser": false, "is_staff": false, "is_active": true, "is_fgfcc": false, "is_professor": true, "history": 56, "job": 213, "groups": [], "user_permissions": [], "blocks": [1]}}, {"model": "user.user", "pk": 50, "fields": {"password": "pbkdf2_sha256$390000$CQxqMZgNNtuf6RvHl2F5JT$HC74xRRkuoI9JmO6bDBrxEXu2DD09MPt+9uY6tKF5S4=", "last_login": "2023-09-04T03:59:26.629", "registration_id": "SP1111143", "first_name": "PROFESSOR 33", "last_name": "TESTE", "email": "professor33@ifsp.edu.br", "telephone": "(96)9606-9696", "cell_phone": "+5511999999923", "date_joined": "2023-09-02T03:39:50.607", "is_superuser": false, "is_staff": false, "is_active": true, "is_fgfcc": false, "is_professor": true, "history": 54, "job": 123, "groups": [], "user_permissions": [], "blocks": [1]}}, {"model": "user.user", "pk": 51, "fields": {"password": "pbkdf2_sha256$390000$oACybaHwuxaCDqYbafl28l$GDnDSPu8w+enk0MNJee/PfioAocDfTxgfcsoaUDzjis=", "last_login": "2023-09-04T03:59:39.594", "registration_id": "SP1111144", "first_name": "PROFESSOR 34", "last_name": "TESTE", "email": "professor34@ifsp.edu.br", "telephone": "(29)9392-9390", "cell_phone": "+5511999999223", "date_joined": "2023-09-02T03:41:04.260", "is_superuser": false, "is_staff": false, "is_active": true, "is_fgfcc": false, "is_professor": true, "history": 52, "job": 205, "groups": [], "user_permissions": [], "blocks": [1]}}, {"model": "user.user", "pk": 52, "fields": {"password": "pbkdf2_sha256$390000$HJ8fzlUaxDC6Xe8CN1kd9M$OtTcu73+h0IZ/b6QTJCH3fwsU7VxYPcYgdcwve1Q/BA=", "last_login": "2023-09-04T03:59:52.265", "registration_id": "SP1111145", "first_name": "PROFESSOR 35", "last_name": "TESTE", "email": "professor35@ifsp.edu.br", "telephone": "(83)8283-8383", "cell_phone": "+5511999999281", "date_joined": "2023-09-02T03:42:24.772", "is_superuser": false, "is_staff": false, "is_active": true, "is_fgfcc": false, "is_professor": true, "history": 50, "job": 211, "groups": [], "user_permissions": [], "blocks": [1]}}, {"model": "user.user", "pk": 53, "fields": {"password": "pbkdf2_sha256$390000$GeCDsfUzkMVFQnF7mXAyX3$4suQG1j29nrbWuVmwT5Cy00YYkVKrPQd1FxwcNLTS9w=", "last_login": "2023-09-04T04:00:06.978", "registration_id": "SP1111146", "first_name": "PROFESSOR 36", "last_name": "TESTE", "email": "professor36@ifsp.edu.br", "telephone": "(74)7828-8329", "cell_phone": "+5511999999282", "date_joined": "2023-09-02T03:43:37.012", "is_superuser": false, "is_staff": false, "is_active": true, "is_fgfcc": false, "is_professor": true, "history": 46, "job": 207, "groups": [], "user_permissions": [], "blocks": [1]}}, {"model": "user.user", "pk": 54, "fields": {"password": "pbkdf2_sha256$390000$F8YTT11QVYfs2wD46k5xVS$+sh6GSHvltQ9jHmprgwNkGDUOtxrvYcZbrk4dM3pfkk=", "last_login": "2023-09-04T04:00:18.127", "registration_id": "SP1111147", "first_name": "PROFESSOR 37", "last_name": "TESTE", "email": "professor37@ifsp.edu.br", "telephone": "(39)8932-8298", "cell_phone": "+5511999992838", "date_joined": "2023-09-02T03:44:49.233", "is_superuser": false, "is_staff": false, "is_active": true, "is_fgfcc": false, "is_professor": true, "history": 45, "job": 209, "groups": [], "user_permissions": [], "blocks": [1]}}, {"model": "user.user", "pk": 55, "fields": {"password": "pbkdf2_sha256$390000$O5QGjgDAgfQVh99uyCnb9g$P90qdyaiahkTSuZmO66gwS/dYE0YeXwSh/h7ke7QFVQ=", "last_login": "2023-09-04T04:00:29.161", "registration_id": "SP1111148", "first_name": "PROFESSOR 38", "last_name": "TESTE", "email": "professor38@ifsp.edu.br", "telephone": "(83)8939-8293", "cell_phone": "(51)19999-9280", "date_joined": "2023-09-02T03:45:43.969", "is_superuser": false, "is_staff": false, "is_active": true, "is_fgfcc": false, "is_professor": true, "history": 42, "job": 210, "groups": [], "user_permissions": [], "blocks": [1]}}, {"model": "user.user", "pk": 56, "fields": {"password": "pbkdf2_sha256$390000$D1CFZAfjGgp5UwLQk2eDWD$bsl3jL/BxmBe39L9VQEM95kteb/LR9CAbfd2gdhVp6c=", "last_login": "2023-09-04T04:00:40.821", "registration_id": "SP1111149", "first_name": "PROFESSOR 39", "last_name": "TESTE", "email": "professor39@ifsp.edu.br", "telephone": "(27)4927-8749", "cell_phone": "(51)19999-9939", "date_joined": "2023-09-02T03:46:38.077", "is_superuser": false, "is_staff": false, "is_active": true, "is_fgfcc": false, "is_professor": true, "history": 41, "job": 206, "groups": [], "user_permissions": [], "blocks": [1]}}, {"model": "user.user", "pk": 57, "fields": {"password": "pbkdf2_sha256$390000$PrCFBqFp3jyq2lEMUAfady$9Uzt4bs4AybIqN4hF18BkcR4O0Ye+dyky0T/2Id4Uzw=", "last_login": "2023-09-04T04:00:54.924", "registration_id": "SP1111150", "first_name": "PROFESSOR 40", "last_name": "TESTE", "email": "professor40@ifsp.edu.br", "telephone": "(92)9389-2938", "cell_phone": "+5511999929398", "date_joined": "2023-09-02T03:47:33.624", "is_superuser": false, "is_staff": false, "is_active": true, "is_fgfcc": false, "is_professor": true, "history": 40, "job": 204, "groups": [], "user_permissions": [], "blocks": [1]}}, {"model": "user.academicdegreehistory", "pk": 1, "fields": {"history": 8, "academic_degree": 5}}, {"model": "user.academicdegreehistory", "pk": 2, "fields": {"history": 8, "academic_degree": 2}}, {"model": "user.academicdegreehistory", "pk": 26, "fields": {"history": 17, "academic_degree": 6}}, {"model": "user.academicdegreehistory", "pk": 27, "fields": {"history": 18, "academic_degree": 2}}, {"model": "user.academicdegreehistory", "pk": 28, "fields": {"history": 18, "academic_degree": 4}}, {"model": "user.academicdegreehistory", "pk": 29, "fields": {"history": 18, "academic_degree": 3}}, {"model": "user.academicdegreehistory", "pk": 30, "fields": {"history": 18, "academic_degree": 5}}, {"model": "user.academicdegreehistory", "pk": 31, "fields": {"history": 19, "academic_degree": 6}}, {"model": "user.academicdegreehistory", "pk": 45, "fields": {"history": 26, "academic_degree": 4}}, {"model": "user.academicdegreehistory", "pk": 46, "fields": {"history": 26, "academic_degree": 2}}, {"model": "user.academicdegreehistory", "pk": 47, "fields": {"history": 26, "academic_degree": 1}}, {"model": "user.academicdegreehistory", "pk": 52, "fields": {"history": 28, "academic_degree": 4}}, {"model": "user.academicdegreehistory", "pk": 53, "fields": {"history": 28, "academic_degree": 5}}, {"model": "user.academicdegreehistory", "pk": 54, "fields": {"history": 28, "academic_degree": 5}}, {"model": "user.academicdegreehistory", "pk": 55, "fields": {"history": 28, "academic_degree": 6}}, {"model": "user.academicdegreehistory", "pk": 56, "fields": {"history": 28, "academic_degree": 2}}, {"model": "user.academicdegreehistory", "pk": 57, "fields": {"history": 29, "academic_degree": 4}}, {"model": "user.academicdegreehistory", "pk": 58, "fields": {"history": 29, "academic_degree": 3}}, {"model": "user.academicdegreehistory", "pk": 59, "fields": {"history": 29, "academic_degree": 6}}, {"model": "user.academicdegreehistory", "pk": 60, "fields": {"history": 29, "academic_degree": 6}}, {"model": "user.academicdegreehistory", "pk": 61, "fields": {"history": 30, "academic_degree": 2}}, {"model": "user.academicdegreehistory", "pk": 62, "fields": {"history": 30, "academic_degree": 2}}, {"model": "user.academicdegreehistory", "pk": 63, "fields": {"history": 30, "academic_degree": 3}}, {"model": "user.academicdegreehistory", "pk": 64, "fields": {"history": 31, "academic_degree": 4}}, {"model": "user.academicdegreehistory", "pk": 65, "fields": {"history": 31, "academic_degree": 4}}, {"model": "user.academicdegreehistory", "pk": 66, "fields": {"history": 31, "academic_degree": 2}}, {"model": "user.academicdegreehistory", "pk": 67, "fields": {"history": 32, "academic_degree": 4}}, {"model": "user.academicdegreehistory", "pk": 68, "fields": {"history": 32, "academic_degree": 3}}, {"model": "user.academicdegreehistory", "pk": 69, "fields": {"history": 32, "academic_degree": 2}}, {"model": "user.academicdegreehistory", "pk": 70, "fields": {"history": 34, "academic_degree": 6}}, {"model": "user.academicdegreehistory", "pk": 71, "fields": {"history": 34, "academic_degree": 4}}, {"model": "user.academicdegreehistory", "pk": 72, "fields": {"history": 34, "academic_degree": 3}}, {"model": "user.academicdegreehistory", "pk": 73, "fields": {"history": 34, "academic_degree": 2}}, {"model": "user.academicdegreehistory", "pk": 74, "fields": {"history": 34, "academic_degree": 1}}, {"model": "user.academicdegreehistory", "pk": 103, "fields": {"history": 44, "academic_degree": 3}}, {"model": "user.academicdegreehistory", "pk": 104, "fields": {"history": 44, "academic_degree": 2}}, {"model": "user.academicdegreehistory", "pk": 105, "fields": {"history": 44, "academic_degree": 1}}, {"model": "user.academicdegreehistory", "pk": 116, "fields": {"history": 49, "academic_degree": 4}}, {"model": "user.academicdegreehistory", "pk": 117, "fields": {"history": 49, "academic_degree": 2}}, {"model": "user.academicdegreehistory", "pk": 118, "fields": {"history": 49, "academic_degree": 1}}, {"model": "user.academicdegreehistory", "pk": 127, "fields": {"history": 53, "academic_degree": 6}}, {"model": "user.academicdegreehistory", "pk": 128, "fields": {"history": 53, "academic_degree": 5}}, {"model": "user.academicdegreehistory", "pk": 129, "fields": {"history": 53, "academic_degree": 3}}, {"model": "user.academicdegreehistory", "pk": 130, "fields": {"history": 53, "academic_degree": 2}}, {"model": "user.academicdegreehistory", "pk": 131, "fields": {"history": 54, "academic_degree": 4}}, {"model": "user.academicdegreehistory", "pk": 132, "fields": {"history": 54, "academic_degree": 6}}, {"model": "user.academicdegreehistory", "pk": 133, "fields": {"history": 54, "academic_degree": 6}}, {"model": "user.academicdegreehistory", "pk": 134, "fields": {"history": 54, "academic_degree": 6}}, {"model": "user.academicdegreehistory", "pk": 146, "fields": {"history": 58, "academic_degree": 4}}, {"model": "user.academicdegreehistory", "pk": 147, "fields": {"history": 58, "academic_degree": 2}}, {"model": "user.academicdegreehistory", "pk": 148, "fields": {"history": 58, "academic_degree": 6}}, {"model": "user.academicdegreehistory", "pk": 149, "fields": {"history": 58, "academic_degree": 5}}, {"model": "user.academicdegreehistory", "pk": 151, "fields": {"history": 1, "academic_degree": 6}}, {"model": "user.academicdegreehistory", "pk": 152, "fields": {"history": 9, "academic_degree": 4}}, {"model": "user.academicdegreehistory", "pk": 153, "fields": {"history": 9, "academic_degree": 3}}, {"model": "user.academicdegreehistory", "pk": 154, "fields": {"history": 9, "academic_degree": 2}}, {"model": "user.academicdegreehistory", "pk": 155, "fields": {"history": 12, "academic_degree": 5}}, {"model": "user.academicdegreehistory", "pk": 156, "fields": {"history": 12, "academic_degree": 5}}, {"model": "user.academicdegreehistory", "pk": 157, "fields": {"history": 12, "academic_degree": 2}}, {"model": "user.academicdegreehistory", "pk": 158, "fields": {"history": 12, "academic_degree": 4}}, {"model": "user.academicdegreehistory", "pk": 159, "fields": {"history": 10, "academic_degree": 1}}, {"model": "user.academicdegreehistory", "pk": 160, "fields": {"history": 10, "academic_degree": 2}}, {"model": "user.academicdegreehistory", "pk": 161, "fields": {"history": 10, "academic_degree": 3}}, {"model": "user.academicdegreehistory", "pk": 162, "fields": {"history": 13, "academic_degree": 2}}, {"model": "user.academicdegreehistory", "pk": 163, "fields": {"history": 13, "academic_degree": 5}}, {"model": "user.academicdegreehistory", "pk": 164, "fields": {"history": 13, "academic_degree": 5}}, {"model": "user.academicdegreehistory", "pk": 165, "fields": {"history": 13, "academic_degree": 6}}, {"model": "user.academicdegreehistory", "pk": 166, "fields": {"history": 15, "academic_degree": 1}}, {"model": "user.academicdegreehistory", "pk": 167, "fields": {"history": 15, "academic_degree": 2}}, {"model": "user.academicdegreehistory", "pk": 168, "fields": {"history": 15, "academic_degree": 4}}, {"model": "user.academicdegreehistory", "pk": 169, "fields": {"history": 15, "academic_degree": 5}}, {"model": "user.academicdegreehistory", "pk": 172, "fields": {"history": 57, "academic_degree": 6}}, {"model": "user.academicdegreehistory", "pk": 173, "fields": {"history": 57, "academic_degree": 3}}, {"model": "user.academicdegreehistory", "pk": 174, "fields": {"history": 57, "academic_degree": 2}}, {"model": "user.academicdegreehistory", "pk": 175, "fields": {"history": 59, "academic_degree": 6}}, {"model": "user.academicdegreehistory", "pk": 176, "fields": {"history": 59, "academic_degree": 3}}, {"model": "user.academicdegreehistory", "pk": 177, "fields": {"history": 59, "academic_degree": 2}}, {"model": "user.academicdegreehistory", "pk": 178, "fields": {"history": 60, "academic_degree": 4}}, {"model": "user.academicdegreehistory", "pk": 179, "fields": {"history": 60, "academic_degree": 2}}, {"model": "user.academicdegreehistory", "pk": 180, "fields": {"history": 60, "academic_degree": 6}}, {"model": "user.academicdegreehistory", "pk": 181, "fields": {"history": 62, "academic_degree": 4}}, {"model": "user.academicdegreehistory", "pk": 182, "fields": {"history": 62, "academic_degree": 3}}, {"model": "user.academicdegreehistory", "pk": 183, "fields": {"history": 62, "academic_degree": 2}}, {"model": "user.academicdegreehistory", "pk": 184, "fields": {"history": 62, "academic_degree": 1}}, {"model": "user.academicdegreehistory", "pk": 185, "fields": {"history": 62, "academic_degree": 5}}, {"model": "user.academicdegreehistory", "pk": 186, "fields": {"history": 62, "academic_degree": 6}}, {"model": "user.academicdegreehistory", "pk": 187, "fields": {"history": 63, "academic_degree": 4}}, {"model": "user.academicdegreehistory", "pk": 188, "fields": {"history": 63, "academic_degree": 2}}, {"model": "user.academicdegreehistory", "pk": 189, "fields": {"history": 63, "academic_degree": 5}}, {"model": "user.academicdegreehistory", "pk": 190, "fields": {"history": 63, "academic_degree": 5}}, {"model": "user.academicdegreehistory", "pk": 191, "fields": {"history": 63, "academic_degree": 6}}, {"model": "user.academicdegreehistory", "pk": 192, "fields": {"history": 64, "academic_degree": 4}}, {"model": "user.academicdegreehistory", "pk": 193, "fields": {"history": 64, "academic_degree": 2}}, {"model": "user.academicdegreehistory", "pk": 194, "fields": {"history": 64, "academic_degree": 5}}, {"model": "user.academicdegreehistory", "pk": 195, "fields": {"history": 64, "academic_degree": 6}}, {"model": "user.academicdegreehistory", "pk": 196, "fields": {"history": 66, "academic_degree": 5}}, {"model": "user.academicdegreehistory", "pk": 197, "fields": {"history": 66, "academic_degree": 6}}, {"model": "user.academicdegreehistory", "pk": 198, "fields": {"history": 66, "academic_degree": 2}}, {"model": "user.academicdegreehistory", "pk": 199, "fields": {"history": 66, "academic_degree": 1}}, {"model": "user.academicdegreehistory", "pk": 200, "fields": {"history": 67, "academic_degree": 4}}, {"model": "user.academicdegreehistory", "pk": 201, "fields": {"history": 67, "academic_degree": 3}}, {"model": "user.academicdegreehistory", "pk": 202, "fields": {"history": 67, "academic_degree": 6}}, {"model": "user.academicdegreehistory", "pk": 203, "fields": {"history": 68, "academic_degree": 4}}, {"model": "user.academicdegreehistory", "pk": 204, "fields": {"history": 68, "academic_degree": 1}}, {"model": "user.academicdegreehistory", "pk": 205, "fields": {"history": 68, "academic_degree": 2}}, {"model": "user.academicdegreehistory", "pk": 206, "fields": {"history": 20, "academic_degree": 4}}, {"model": "user.academicdegreehistory", "pk": 207, "fields": {"history": 20, "academic_degree": 2}}, {"model": "user.academicdegreehistory", "pk": 208, "fields": {"history": 20, "academic_degree": 2}}, {"model": "user.academicdegreehistory", "pk": 209, "fields": {"history": 20, "academic_degree": 1}}, {"model": "user.academicdegreehistory", "pk": 210, "fields": {"history": 22, "academic_degree": 1}}, {"model": "user.academicdegreehistory", "pk": 211, "fields": {"history": 22, "academic_degree": 2}}, {"model": "user.academicdegreehistory", "pk": 212, "fields": {"history": 22, "academic_degree": 3}}, {"model": "user.academicdegreehistory", "pk": 213, "fields": {"history": 22, "academic_degree": 6}}, {"model": "user.academicdegreehistory", "pk": 214, "fields": {"history": 23, "academic_degree": 2}}, {"model": "user.academicdegreehistory", "pk": 215, "fields": {"history": 23, "academic_degree": 3}}, {"model": "user.academicdegreehistory", "pk": 216, "fields": {"history": 23, "academic_degree": 5}}, {"model": "user.academicdegreehistory", "pk": 217, "fields": {"history": 38, "academic_degree": 3}}, {"model": "user.academicdegreehistory", "pk": 218, "fields": {"history": 38, "academic_degree": 4}}, {"model": "user.academicdegreehistory", "pk": 219, "fields": {"history": 38, "academic_degree": 4}}, {"model": "user.academicdegreehistory", "pk": 220, "fields": {"history": 38, "academic_degree": 2}}, {"model": "user.academicdegreehistory", "pk": 221, "fields": {"history": 24, "academic_degree": 2}}, {"model": "user.academicdegreehistory", "pk": 222, "fields": {"history": 24, "academic_degree": 3}}, {"model": "user.academicdegreehistory", "pk": 223, "fields": {"history": 24, "academic_degree": 4}}, {"model": "user.academicdegreehistory", "pk": 224, "fields": {"history": 16, "academic_degree": 6}}, {"model": "user.academicdegreehistory", "pk": 225, "fields": {"history": 39, "academic_degree": 4}}, {"model": "user.academicdegreehistory", "pk": 226, "fields": {"history": 36, "academic_degree": 5}}, {"model": "user.academicdegreehistory", "pk": 227, "fields": {"history": 36, "academic_degree": 3}}, {"model": "user.academicdegreehistory", "pk": 228, "fields": {"history": 36, "academic_degree": 4}}, {"model": "user.academicdegreehistory", "pk": 229, "fields": {"history": 35, "academic_degree": 6}}, {"model": "user.academicdegreehistory", "pk": 230, "fields": {"history": 35, "academic_degree": 4}}, {"model": "user.academicdegreehistory", "pk": 231, "fields": {"history": 35, "academic_degree": 2}}, {"model": "user.academicdegreehistory", "pk": 232, "fields": {"history": 51, "academic_degree": 3}}, {"model": "user.academicdegreehistory", "pk": 233, "fields": {"history": 37, "academic_degree": 4}}, {"model": "user.academicdegreehistory", "pk": 234, "fields": {"history": 37, "academic_degree": 2}}, {"model": "user.academicdegreehistory", "pk": 235, "fields": {"history": 25, "academic_degree": 2}}, {"model": "user.academicdegreehistory", "pk": 236, "fields": {"history": 25, "academic_degree": 3}}, {"model": "user.academicdegreehistory", "pk": 237, "fields": {"history": 25, "academic_degree": 4}}, {"model": "user.academicdegreehistory", "pk": 238, "fields": {"history": 43, "academic_degree": 4}}, {"model": "user.academicdegreehistory", "pk": 239, "fields": {"history": 43, "academic_degree": 2}}, {"model": "user.academicdegreehistory", "pk": 240, "fields": {"history": 43, "academic_degree": 5}}, {"model": "user.academicdegreehistory", "pk": 241, "fields": {"history": 27, "academic_degree": 4}}, {"model": "user.academicdegreehistory", "pk": 242, "fields": {"history": 27, "academic_degree": 3}}, {"model": "user.academicdegreehistory", "pk": 243, "fields": {"history": 27, "academic_degree": 1}}, {"model": "user.academicdegreehistory", "pk": 244, "fields": {"history": 27, "academic_degree": 2}}, {"model": "user.academicdegreehistory", "pk": 245, "fields": {"history": 55, "academic_degree": 6}}, {"model": "user.academicdegreehistory", "pk": 246, "fields": {"history": 55, "academic_degree": 4}}, {"model": "user.academicdegreehistory", "pk": 247, "fields": {"history": 55, "academic_degree": 2}}, {"model": "user.academicdegreehistory", "pk": 248, "fields": {"history": 55, "academic_degree": 2}}, {"model": "user.academicdegreehistory", "pk": 249, "fields": {"history": 55, "academic_degree": 2}}, {"model": "user.academicdegreehistory", "pk": 250, "fields": {"history": 55, "academic_degree": 2}}, {"model": "user.academicdegreehistory", "pk": 251, "fields": {"history": 40, "academic_degree": 6}}, {"model": "user.academicdegreehistory", "pk": 252, "fields": {"history": 40, "academic_degree": 5}}, {"model": "user.academicdegreehistory", "pk": 253, "fields": {"history": 40, "academic_degree": 2}}, {"model": "user.academicdegreehistory", "pk": 254, "fields": {"history": 40, "academic_degree": 4}}, {"model": "user.academicdegreehistory", "pk": 255, "fields": {"history": 52, "academic_degree": 4}}, {"model": "user.academicdegreehistory", "pk": 256, "fields": {"history": 52, "academic_degree": 2}}, {"model": "user.academicdegreehistory", "pk": 257, "fields": {"history": 52, "academic_degree": 6}}, {"model": "user.academicdegreehistory", "pk": 258, "fields": {"history": 52, "academic_degree": 6}}, {"model": "user.academicdegreehistory", "pk": 259, "fields": {"history": 41, "academic_degree": 4}}, {"model": "user.academicdegreehistory", "pk": 260, "fields": {"history": 41, "academic_degree": 3}}, {"model": "user.academicdegreehistory", "pk": 261, "fields": {"history": 41, "academic_degree": 1}}, {"model": "user.academicdegreehistory", "pk": 262, "fields": {"history": 46, "academic_degree": 4}}, {"model": "user.academicdegreehistory", "pk": 263, "fields": {"history": 46, "academic_degree": 2}}, {"model": "user.academicdegreehistory", "pk": 264, "fields": {"history": 46, "academic_degree": 6}}, {"model": "user.academicdegreehistory", "pk": 265, "fields": {"history": 46, "academic_degree": 6}}, {"model": "user.academicdegreehistory", "pk": 266, "fields": {"history": 46, "academic_degree": 1}}, {"model": "user.academicdegreehistory", "pk": 272, "fields": {"history": 45, "academic_degree": 4}}, {"model": "user.academicdegreehistory", "pk": 273, "fields": {"history": 45, "academic_degree": 3}}, {"model": "user.academicdegreehistory", "pk": 274, "fields": {"history": 45, "academic_degree": 6}}, {"model": "user.academicdegreehistory", "pk": 275, "fields": {"history": 45, "academic_degree": 6}}, {"model": "user.academicdegreehistory", "pk": 276, "fields": {"history": 45, "academic_degree": 6}}, {"model": "user.academicdegreehistory", "pk": 277, "fields": {"history": 42, "academic_degree": 6}}, {"model": "user.academicdegreehistory", "pk": 278, "fields": {"history": 42, "academic_degree": 6}}, {"model": "user.academicdegreehistory", "pk": 279, "fields": {"history": 42, "academic_degree": 6}}, {"model": "user.academicdegreehistory", "pk": 280, "fields": {"history": 42, "academic_degree": 4}}, {"model": "user.academicdegreehistory", "pk": 281, "fields": {"history": 42, "academic_degree": 2}}, {"model": "user.academicdegreehistory", "pk": 282, "fields": {"history": 50, "academic_degree": 4}}, {"model": "user.academicdegreehistory", "pk": 283, "fields": {"history": 50, "academic_degree": 2}}, {"model": "user.academicdegreehistory", "pk": 284, "fields": {"history": 50, "academic_degree": 6}}, {"model": "user.academicdegreehistory", "pk": 285, "fields": {"history": 11, "academic_degree": 3}}, {"model": "user.academicdegreehistory", "pk": 286, "fields": {"history": 11, "academic_degree": 2}}, {"model": "user.academicdegreehistory", "pk": 287, "fields": {"history": 56, "academic_degree": 4}}, {"model": "user.academicdegreehistory", "pk": 288, "fields": {"history": 56, "academic_degree": 2}}, {"model": "user.academicdegreehistory", "pk": 289, "fields": {"history": 56, "academic_degree": 6}}, {"model": "user.academicdegreehistory", "pk": 290, "fields": {"history": 14, "academic_degree": 6}}, {"model": "user.history", "pk": 1, "fields": {"birth": "2004-06-16", "date_career": "2022-03-10", "date_campus": "2020-02-01", "date_professor": "2023-03-10", "date_area": "2020-02-01", "date_institute": "2020-02-01"}}, {"model": "user.history", "pk": 2, "fields": {"birth": "1980-04-16", "date_career": "2000-01-30", "date_campus": "2003-03-10", "date_professor": "2002-03-10", "date_area": "2003-03-10", "date_institute": "2002-03-10"}}, {"model": "user.history", "pk": 3, "fields": {"birth": "1980-04-16", "date_career": "2000-01-30", "date_campus": "2003-03-10", "date_professor": "2002-03-10", "date_area": "2003-03-10", "date_institute": "2002-03-10"}}, {"model": "user.history", "pk": 4, "fields": {"birth": "1980-04-16", "date_career": "2000-01-30", "date_campus": "2003-03-10", "date_professor": "2002-03-10", "date_area": "2003-03-10", "date_institute": "2002-03-10"}}, {"model": "user.history", "pk": 5, "fields": {"birth": "1980-04-16", "date_career": "2000-01-30", "date_campus": "2003-03-10", "date_professor": "2002-03-10", "date_area": "2003-03-10", "date_institute": "2002-03-10"}}, {"model": "user.history", "pk": 6, "fields": {"birth": "1980-04-16", "date_career": "2000-01-30", "date_campus": "2003-03-10", "date_professor": "2002-03-10", "date_area": "2003-03-10", "date_institute": "2002-03-10"}}, {"model": "user.history", "pk": 7, "fields": {"birth": "1980-04-16", "date_career": "2000-01-30", "date_campus": "2003-03-10", "date_professor": "2002-03-10", "date_area": "2003-03-10", "date_institute": "2002-03-10"}}, {"model": "user.history", "pk": 8, "fields": {"birth": "2009-09-09", "date_career": "2009-09-09", "date_campus": "2009-09-09", "date_professor": "2009-09-09", "date_area": "2009-09-09", "date_institute": "2009-09-09"}}, {"model": "user.history", "pk": 9, "fields": {"birth": "1980-04-16", "date_career": "2003-03-10", "date_campus": "2003-03-10", "date_professor": "2002-03-10", "date_area": "2003-03-10", "date_institute": "2003-03-10"}}, {"model": "user.history", "pk": 10, "fields": {"birth": "1970-07-13", "date_career": "1988-09-10", "date_campus": "1998-09-10", "date_professor": "2004-03-10", "date_area": "2004-03-10", "date_institute": "2004-03-10"}}, {"model": "user.history", "pk": 11, "fields": {"birth": "1990-08-08", "date_career": "2010-08-08", "date_campus": "2010-08-08", "date_professor": "2011-01-08", "date_area": "2011-01-08", "date_institute": "2011-01-08"}}, {"model": "user.history", "pk": 12, "fields": {"birth": "1970-02-22", "date_career": "1990-01-01", "date_campus": "1990-01-01", "date_professor": "1990-01-01", "date_area": "1990-01-01", "date_institute": "1990-01-01"}}, {"model": "user.history", "pk": 13, "fields": {"birth": "1965-07-17", "date_career": "1995-03-10", "date_campus": "1995-03-10", "date_professor": "1995-03-10", "date_area": "1995-03-10", "date_institute": "1995-03-10"}}, {"model": "user.history", "pk": 14, "fields": {"birth": "2004-05-26", "date_career": "2022-03-01", "date_campus": "2020-01-01", "date_professor": "2022-03-01", "date_area": "2020-03-01", "date_institute": "2020-03-01"}}, {"model": "user.history", "pk": 15, "fields": {"birth": "1992-10-15", "date_career": "2010-01-01", "date_campus": "2022-03-10", "date_professor": "2022-03-10", "date_area": "2010-01-01", "date_institute": "2010-01-01"}}, {"model": "user.history", "pk": 16, "fields": {"birth": "2005-04-02", "date_career": "2022-03-10", "date_campus": "2020-01-01", "date_professor": "2022-03-10", "date_area": "2020-01-01", "date_institute": "2020-01-01"}}, {"model": "user.history", "pk": 17, "fields": {"birth": "2004-09-18", "date_career": "2023-03-10", "date_campus": "2020-01-01", "date_professor": "2023-03-10", "date_area": "2020-01-01", "date_institute": "2020-01-01"}}, {"model": "user.history", "pk": 18, "fields": {"birth": "1985-01-11", "date_career": "2000-01-01", "date_campus": "2019-10-10", "date_professor": "2003-03-01", "date_area": "2000-01-01", "date_institute": "2000-01-01"}}, {"model": "user.history", "pk": 19, "fields": {"birth": "2005-03-14", "date_career": "2023-03-10", "date_campus": "2020-01-01", "date_professor": "2023-03-10", "date_area": "2020-01-01", "date_institute": "2020-01-01"}}, {"model": "user.history", "pk": 20, "fields": {"birth": "1980-02-02", "date_career": "1996-04-01", "date_campus": "2000-03-10", "date_professor": "2002-03-10", "date_area": "1996-04-01", "date_institute": "1996-04-01"}}, {"model": "user.history", "pk": 21, "fields": {"birth": "1970-01-01", "date_career": "1988-02-01", "date_campus": "1992-03-10", "date_professor": "1992-02-22", "date_area": "1988-02-01", "date_institute": "1992-02-22"}}, {"model": "user.history", "pk": 22, "fields": {"birth": "1970-01-01", "date_career": "1988-02-01", "date_campus": "1992-03-10", "date_professor": "1992-02-22", "date_area": "1988-02-01", "date_institute": "1988-02-01"}}, {"model": "user.history", "pk": 23, "fields": {"birth": "1982-07-02", "date_career": "1998-10-10", "date_campus": "2001-09-10", "date_professor": "2008-03-10", "date_area": "2008-03-10", "date_institute": "2008-03-10"}}, {"model": "user.history", "pk": 24, "fields": {"birth": "1972-03-29", "date_career": "1990-02-01", "date_campus": "2000-02-01", "date_professor": "2000-02-01", "date_area": "2000-02-01", "date_institute": "2000-02-01"}}, {"model": "user.history", "pk": 25, "fields": {"birth": "1978-11-03", "date_career": "1997-02-20", "date_campus": "2000-03-10", "date_professor": "2000-03-10", "date_area": "2000-03-10", "date_institute": "2000-03-10"}}, {"model": "user.history", "pk": 26, "fields": {"birth": "1980-06-24", "date_career": "2000-05-20", "date_campus": "2002-01-01", "date_professor": "2002-01-01", "date_area": "2002-01-01", "date_institute": "2002-01-01"}}, {"model": "user.history", "pk": 27, "fields": {"birth": "1982-08-30", "date_career": "2001-03-10", "date_campus": "2001-03-10", "date_professor": "2001-03-10", "date_area": "2001-03-10", "date_institute": "2001-03-10"}}, {"model": "user.history", "pk": 28, "fields": {"birth": "1988-03-31", "date_career": "2009-09-10", "date_campus": "2011-09-10", "date_professor": "2009-09-10", "date_area": "2009-09-10", "date_institute": "2009-09-10"}}, {"model": "user.history", "pk": 29, "fields": {"birth": "1990-07-07", "date_career": "2010-09-09", "date_campus": "2020-03-10", "date_professor": "2013-02-01", "date_area": "2010-09-09", "date_institute": "2010-09-09"}}, {"model": "user.history", "pk": 30, "fields": {"birth": "1987-08-08", "date_career": "2004-09-10", "date_campus": "2009-03-10", "date_professor": "2007-03-10", "date_area": "2004-09-10", "date_institute": "2004-09-10"}}, {"model": "user.history", "pk": 31, "fields": {"birth": "1990-11-11", "date_career": "2017-03-20", "date_campus": "2021-05-06", "date_professor": "2021-05-06", "date_area": "2019-03-10", "date_institute": "2019-03-10"}}, {"model": "user.history", "pk": 32, "fields": {"birth": "1989-08-08", "date_career": "2013-06-26", "date_campus": "2018-09-10", "date_professor": "2015-03-01", "date_area": "2013-06-26", "date_institute": "2013-06-26"}}, {"model": "user.history", "pk": 33, "fields": {"birth": "1988-08-02", "date_career": "2000-05-03", "date_campus": "2000-09-02", "date_professor": "2000-09-02", "date_area": "2000-09-02", "date_institute": "2000-09-02"}}, {"model": "user.history", "pk": 34, "fields": {"birth": "1988-08-02", "date_career": "2000-05-03", "date_campus": "2000-09-02", "date_professor": "2000-09-02", "date_area": "2000-09-02", "date_institute": "2000-09-02"}}, {"model": "user.history", "pk": 35, "fields": {"birth": "1920-07-04", "date_career": "1940-03-06", "date_campus": "1941-06-29", "date_professor": "1940-07-29", "date_area": "1940-04-29", "date_institute": "1940-04-29"}}, {"model": "user.history", "pk": 36, "fields": {"birth": "1950-07-04", "date_career": "1970-07-04", "date_campus": "1971-07-01", "date_professor": "1971-07-01", "date_area": "1970-07-04", "date_institute": "1970-07-04"}}, {"model": "user.history", "pk": 37, "fields": {"birth": "1950-05-29", "date_career": "1971-12-31", "date_campus": "1971-12-31", "date_professor": "1971-12-31", "date_area": "1971-12-31", "date_institute": "1971-12-31"}}, {"model": "user.history", "pk": 38, "fields": {"birth": "1970-05-04", "date_career": "1988-03-20", "date_campus": "2020-09-10", "date_professor": "2000-03-10", "date_area": "1988-03-20", "date_institute": "1988-03-20"}}, {"model": "user.history", "pk": 39, "fields": {"birth": "1990-03-01", "date_career": "1995-03-01", "date_campus": "2000-04-01", "date_professor": "2000-04-02", "date_area": "1995-03-01", "date_institute": "1995-03-01"}}, {"model": "user.history", "pk": 40, "fields": {"birth": "1989-10-20", "date_career": "2008-01-01", "date_campus": "2022-03-10", "date_professor": "2019-03-10", "date_area": "2012-01-01", "date_institute": "2012-01-01"}}, {"model": "user.history", "pk": 41, "fields": {"birth": "1990-03-27", "date_career": "2020-03-10", "date_campus": "2020-03-10", "date_professor": "2020-03-10", "date_area": "2020-03-10", "date_institute": "2020-03-10"}}, {"model": "user.history", "pk": 42, "fields": {"birth": "1986-09-19", "date_career": "2003-09-20", "date_campus": "2019-09-10", "date_professor": "2010-04-10", "date_area": "2005-05-05", "date_institute": "2005-05-05"}}, {"model": "user.history", "pk": 43, "fields": {"birth": "1988-02-13", "date_career": "2005-03-10", "date_campus": "2007-09-10", "date_professor": "2008-09-10", "date_area": "2005-03-10", "date_institute": "2005-03-10"}}, {"model": "user.history", "pk": 44, "fields": {"birth": "1955-09-29", "date_career": "1975-10-28", "date_campus": "1975-10-28", "date_professor": "1975-10-28", "date_area": "1975-10-28", "date_institute": "1975-10-28"}}, {"model": "user.history", "pk": 45, "fields": {"birth": "1989-04-30", "date_career": "2020-04-20", "date_campus": "2022-09-10", "date_professor": "2022-09-10", "date_area": "2020-04-20", "date_institute": "2020-04-20"}}, {"model": "user.history", "pk": 46, "fields": {"birth": "1991-07-18", "date_career": "2001-03-10", "date_campus": "2002-03-10", "date_professor": "2004-09-10", "date_area": "2001-03-10", "date_institute": "2001-03-10"}}, {"model": "user.history", "pk": 47, "fields": {"birth": "1923-09-03", "date_career": "1950-09-03", "date_campus": "1950-09-03", "date_professor": "1950-09-03", "date_area": "1950-09-03", "date_institute": "1950-09-03"}}, {"model": "user.history", "pk": 48, "fields": {"birth": "1923-09-03", "date_career": "1950-09-03", "date_campus": "1950-09-03", "date_professor": "1950-09-03", "date_area": "1950-09-03", "date_institute": "1950-09-03"}}, {"model": "user.history", "pk": 49, "fields": {"birth": "1923-09-03", "date_career": "1950-09-03", "date_campus": "1950-09-03", "date_professor": "1950-09-03", "date_area": "1950-09-03", "date_institute": "1950-09-03"}}, {"model": "user.history", "pk": 50, "fields": {"birth": "1991-01-02", "date_career": "2001-10-10", "date_campus": "2020-09-10", "date_professor": "2020-09-10", "date_area": "2011-05-30", "date_institute": "2011-05-30"}}, {"model": "user.history", "pk": 51, "fields": {"birth": "1969-08-03", "date_career": "1980-09-30", "date_campus": "1980-09-30", "date_professor": "1980-09-30", "date_area": "1980-09-30", "date_institute": "1980-09-30"}}, {"model": "user.history", "pk": 52, "fields": {"birth": "1992-02-29", "date_career": "2010-03-10", "date_campus": "2015-09-10", "date_professor": "2014-09-10", "date_area": "2010-03-10", "date_institute": "2010-03-10"}}, {"model": "user.history", "pk": 53, "fields": {"birth": "1970-03-14", "date_career": "1990-07-27", "date_campus": "1990-07-27", "date_professor": "1990-07-27", "date_area": "1990-07-27", "date_institute": "1990-07-27"}}, {"model": "user.history", "pk": 54, "fields": {"birth": "1989-09-09", "date_career": "2015-08-18", "date_campus": "2017-03-10", "date_professor": "2015-09-10", "date_area": "2015-08-18", "date_institute": "2015-08-18"}}, {"model": "user.history", "pk": 55, "fields": {"birth": "1972-09-04", "date_career": "2001-11-03", "date_campus": "2001-11-03", "date_professor": "2001-11-03", "date_area": "1990-08-03", "date_institute": "1990-08-03"}}, {"model": "user.history", "pk": 56, "fields": {"birth": "1993-08-08", "date_career": "2015-02-28", "date_campus": "2021-03-10", "date_professor": "2021-03-10", "date_area": "2015-02-28", "date_institute": "2015-02-28"}}, {"model": "user.history", "pk": 57, "fields": {"birth": "1920-07-05", "date_career": "1960-07-02", "date_campus": "1960-07-02", "date_professor": "1960-07-02", "date_area": "1960-07-02", "date_institute": "1960-07-02"}}, {"model": "user.history", "pk": 58, "fields": {"birth": "1990-09-23", "date_career": "2008-03-31", "date_campus": "2020-05-05", "date_professor": "2020-05-05", "date_area": "2008-03-31", "date_institute": "2008-03-31"}}, {"model": "user.history", "pk": 59, "fields": {"birth": "1942-10-29", "date_career": "1952-08-27", "date_campus": "1952-08-27", "date_professor": "1952-08-27", "date_area": "1952-08-27", "date_institute": "1952-08-27"}}, {"model": "user.history", "pk": 60, "fields": {"birth": "1991-02-02", "date_career": "2011-09-09", "date_campus": "2019-03-10", "date_professor": "2019-03-10", "date_area": "2011-09-09", "date_institute": "2011-09-09"}}, {"model": "user.history", "pk": 61, "fields": {"birth": "1975-03-14", "date_career": "2002-05-01", "date_campus": "2002-05-01", "date_professor": "2002-05-01", "date_area": "2002-05-01", "date_institute": "2002-05-01"}}, {"model": "user.history", "pk": 62, "fields": {"birth": "1975-03-14", "date_career": "2002-05-01", "date_campus": "2002-05-01", "date_professor": "2002-05-01", "date_area": "2002-05-01", "date_institute": "2002-05-01"}}, {"model": "user.history", "pk": 63, "fields": {"birth": "1993-03-07", "date_career": "2010-02-27", "date_campus": "2019-03-10", "date_professor": "2010-02-27", "date_area": "2013-04-18", "date_institute": "2013-04-18"}}, {"model": "user.history", "pk": 64, "fields": {"birth": "1992-08-31", "date_career": "2010-03-03", "date_campus": "2018-03-10", "date_professor": "2012-05-20", "date_area": "2010-03-03", "date_institute": "2010-03-03"}}, {"model": "user.history", "pk": 65, "fields": {"birth": "1980-06-27", "date_career": "2005-04-01", "date_campus": "2005-04-01", "date_professor": "2005-04-01", "date_area": "2005-04-01", "date_institute": "2005-04-01"}}, {"model": "user.history", "pk": 66, "fields": {"birth": "1980-06-27", "date_career": "2005-04-01", "date_campus": "2005-04-01", "date_professor": "2005-04-01", "date_area": "2005-04-01", "date_institute": "2005-04-01"}}, {"model": "user.history", "pk": 67, "fields": {"birth": "1991-03-20", "date_career": "2011-02-03", "date_campus": "2019-03-10", "date_professor": "2011-02-03", "date_area": "2012-09-10", "date_institute": "2012-09-10"}}, {"model": "user.history", "pk": 68, "fields": {"birth": "2004-04-01", "date_career": "2019-03-29", "date_campus": "2019-03-29", "date_professor": "2019-03-29", "date_area": "2019-03-29", "date_institute": "2019-03-29"}}, {"model": "user.academicdegree", "pk": 1, "fields": {"name": "DOUTORADO", "punctuation": 5}}, {"model": "user.academicdegree", "pk": 2, "fields": {"name": "MESTRADO", "punctuation": 4}}, {"model": "user.academicdegree", "pk": 3, "fields": {"name": "LICENCIATURA", "punctuation": 3}}, {"model": "user.academicdegree", "pk": 4, "fields": {"name": "BACHARELADO", "punctuation": 2}}, {"model": "user.academicdegree", "pk": 5, "fields": {"name": "CURSO LATO SENSU", "punctuation": 1}}, {"model": "user.academicdegree", "pk": 6, "fields": {"name": "TÉCNICO", "punctuation": 1}}, {"model": "user.job", "pk": 15, "fields": {"name_job": "TWENTY_HOURS"}}, {"model": "user.job", "pk": 44, "fields": {"name_job": "TWENTY_HOURS"}}, {"model": "user.job", "pk": 47, "fields": {"name_job": "RDE"}}, {"model": "user.job", "pk": 50, "fields": {"name_job": "RDE"}}, {"model": "user.job", "pk": 62, "fields": {"name_job": "RDE"}}, {"model": "user.job", "pk": 67, "fields": {"name_job": "RDE"}}, {"model": "user.job", "pk": 70, "fields": {"name_job": "RDE"}}, {"model": "user.job", "pk": 72, "fields": {"name_job": "RDE"}}, {"model": "user.job", "pk": 74, "fields": {"name_job": "RDE"}}, {"model": "user.job", "pk": 76, "fields": {"name_job": "RDE"}}, {"model": "user.job", "pk": 80, "fields": {"name_job": "RDE"}}, {"model": "user.job", "pk": 105, "fields": {"name_job": "RDE"}}, {"model": "user.job", "pk": 113, "fields": {"name_job": "RDE"}}, {"model": "user.job", "pk": 121, "fields": {"name_job": "TWENTY_HOURS"}}, {"model": "user.job", "pk": 123, "fields": {"name_job": "RDE"}}, {"model": "user.job", "pk": 134, "fields": {"name_job": "RDE"}}, {"model": "user.job", "pk": 136, "fields": {"name_job": "FORTY_HOURS"}}, {"model": "user.job", "pk": 137, "fields": {"name_job": "RDE"}}, {"model": "user.job", "pk": 138, "fields": {"name_job": "RDE"}}, {"model": "user.job", "pk": 139, "fields": {"name_job": "RDE"}}, {"model": "user.job", "pk": 140, "fields": {"name_job": "RDE"}}, {"model": "user.job", "pk": 141, "fields": {"name_job": "SUBSTITUTE"}}, {"model": "user.job", "pk": 148, "fields": {"name_job": "SUBSTITUTE"}}, {"model": "user.job", "pk": 152, "fields": {"name_job": "TWENTY_HOURS"}}, {"model": "user.job", "pk": 153, "fields": {"name_job": "FORTY_HOURS"}}, {"model": "user.job", "pk": 157, "fields": {"name_job": "TEMPORARY"}}, {"model": "user.job", "pk": 158, "fields": {"name_job": "RDE"}}, {"model": "user.job", "pk": 166, "fields": {"name_job": "RDE"}}, {"model": "user.job", "pk": 170, "fields": {"name_job": "FORTY_HOURS"}}, {"model": "user.job", "pk": 187, "fields": {"name_job": "RDE"}}, {"model": "user.job", "pk": 188, "fields": {"name_job": "TEMPORARY"}}, {"model": "user.job", "pk": 189, "fields": {"name_job": "RDE"}}, {"model": "user.job", "pk": 190, "fields": {"name_job": "RDE"}}, {"model": "user.job", "pk": 191, "fields": {"name_job": "RDE"}}, {"model": "user.job", "pk": 192, "fields": {"name_job": "RDE"}}, {"model": "user.job", "pk": 193, "fields": {"name_job": "RDE"}}, {"model": "user.job", "pk": 194, "fields": {"name_job": "TEMPORARY"}}, {"model": "user.job", "pk": 195, "fields": {"name_job": "RDE"}}, {"model": "user.job", "pk": 196, "fields": {"name_job": "TEMPORARY"}}, {"model": "user.job", "pk": 197, "fields": {"name_job": "RDE"}}, {"model": "user.job", "pk": 198, "fields": {"name_job": "RDE"}}, {"model": "user.job", "pk": 199, "fields": {"name_job": "RDE"}}, {"model": "user.job", "pk": 200, "fields": {"name_job": "RDE"}}, {"model": "user.job", "pk": 201, "fields": {"name_job": "RDE"}}, {"model": "user.job", "pk": 202, "fields": {"name_job": "FORTY_HOURS"}}, {"model": "user.job", "pk": 203, "fields": {"name_job": "RDE"}}, {"model": "user.job", "pk": 204, "fields": {"name_job": "SUBSTITUTE"}}, {"model": "user.job", "pk": 205, "fields": {"name_job": "RDE"}}, {"model": "user.job", "pk": 206, "fields": {"name_job": "SUBSTITUTE"}}, {"model": "user.job", "pk": 207, "fields": {"name_job": "RDE"}}, {"model": "user.job", "pk": 209, "fields": {"name_job": "SUBSTITUTE"}}, {"model": "user.job", "pk": 210, "fields": {"name_job": "RDE"}}, {"model": "user.job", "pk": 211, "fields": {"name_job": "FORTY_HOURS"}}, {"model": "user.job", "pk": 212, "fields": {"name_job": "RDE"}}, {"model": "user.job", "pk": 213, "fields": {"name_job": "RDE"}}, {"model": "user.job", "pk": 214, "fields": {"name_job": "RDE"}}]