[
    {
        "model": "attribution_preference.attribution_preference",
        "pk": 1,
        "fields": {
            "user": 22,
            "year": "2020.1",
            "name_job": "TWENTY_HOURS"
        }
    },
    {
        "model": "attribution_preference.attribution_preference",
        "pk": 2,
        "fields": {
            "user": 19,
            "year": "2020.1",
            "name_job": "TWENTY_HOURS"
        }
    },
    {
        "model": "attribution_preference.attribution_preference",
        "pk": 3,
        "fields": {
            "user": 7,
            "year": "2020.1",
            "name_job": "TWENTY_HOURS"
        }
    },
    {
        "model": "attribution_preference.attribution_preference",
        "pk": 4,
        "fields": {
            "user": 20,
            "year": "2020.1",
            "name_job": "TWENTY_HOURS"
        }
    },
    {
        "model": "attribution_preference.attribution_preference",
        "pk": 5,
        "fields": {
            "user": 21,
            "year": "2020.1",
            "name_job": "TWENTY_HOURS"
        }
    },
    {
        "model": "attribution_preference.preference_schedule",
        "pk": 1,
        "fields": {
            "attribution_preference": 1,
            "timeslot": 1,
            "day": "monday"
        }
    },
    {
        "model": "attribution_preference.preference_schedule",
        "pk": 2,
        "fields": {
            "attribution_preference": 1,
            "timeslot": 1,
            "day": "tuesday"
        }
    },
    {
        "model": "attribution_preference.preference_schedule",
        "pk": 3,
        "fields": {
            "attribution_preference": 1,
            "timeslot": 1,
            "day": "wednesday"
        }
    },
    {
        "model": "attribution_preference.preference_schedule",
        "pk": 4,
        "fields": {
            "attribution_preference": 1,
            "timeslot": 2,
            "day": "monday"
        }
    },
    {
        "model": "attribution_preference.preference_schedule",
        "pk": 5,
        "fields": {
            "attribution_preference": 1,
            "timeslot": 2,
            "day": "tuesday"
        }
    },
    {
        "model": "attribution_preference.preference_schedule",
        "pk": 6,
        "fields": {
            "attribution_preference": 1,
            "timeslot": 2,
            "day": "wednesday"
        }
    },
    {
        "model": "attribution_preference.preference_schedule",
        "pk": 7,
        "fields": {
            "attribution_preference": 1,
            "timeslot": 3,
            "day": "monday"
        }
    },
    {
        "model": "attribution_preference.preference_schedule",
        "pk": 8,
        "fields": {
            "attribution_preference": 1,
            "timeslot": 3,
            "day": "tuesday"
        }
    },
    {
        "model": "attribution_preference.preference_schedule",
        "pk": 9,
        "fields": {
            "attribution_preference": 1,
            "timeslot": 3,
            "day": "wednesday"
        }
    },
    {
        "model": "attribution_preference.preference_schedule",
        "pk": 10,
        "fields": {
            "attribution_preference": 1,
            "timeslot": 4,
            "day": "monday"
        }
    },
    {
        "model": "attribution_preference.preference_schedule",
        "pk": 11,
        "fields": {
            "attribution_preference": 1,
            "timeslot": 4,
            "day": "tuesday"
        }
    },
    {
        "model": "attribution_preference.preference_schedule",
        "pk": 12,
        "fields": {
            "attribution_preference": 1,
            "timeslot": 4,
            "day": "wednesday"
        }
    },
    {
        "model": "attribution_preference.preference_schedule",
        "pk": 13,
        "fields": {
            "attribution_preference": 1,
            "timeslot": 5,
            "day": "monday"
        }
    },
    {
        "model": "attribution_preference.preference_schedule",
        "pk": 14,
        "fields": {
            "attribution_preference": 1,
            "timeslot": 5,
            "day": "tuesday"
        }
    },
    {
        "model": "attribution_preference.preference_schedule",
        "pk": 15,
        "fields": {
            "attribution_preference": 1,
            "timeslot": 5,
            "day": "wednesday"
        }
    },
    {
        "model": "attribution_preference.preference_schedule",
        "pk": 16,
        "fields": {
            "attribution_preference": 1,
            "timeslot": 1,
            "day": "thursday"
        }
    },
    {
        "model": "attribution_preference.preference_schedule",
        "pk": 17,
        "fields": {
            "attribution_preference": 2,
            "timeslot": 2,
            "day": "tuesday"
        }
    },
    {
        "model": "attribution_preference.preference_schedule",
        "pk": 18,
        "fields": {
            "attribution_preference": 2,
            "timeslot": 1,
            "day": "tuesday"
        }
    },
    {
        "model": "attribution_preference.preference_schedule",
        "pk": 19,
        "fields": {
            "attribution_preference": 2,
            "timeslot": 18,
            "day": "tuesday"
        }
    },
    {
        "model": "attribution_preference.preference_schedule",
        "pk": 20,
        "fields": {
            "attribution_preference": 2,
            "timeslot": 18,
            "day": "wednesday"
        }
    },
    {
        "model": "attribution_preference.preference_schedule",
        "pk": 21,
        "fields": {
            "attribution_preference": 2,
            "timeslot": 18,
            "day": "thursday"
        }
    },
    {
        "model": "attribution_preference.preference_schedule",
        "pk": 22,
        "fields": {
            "attribution_preference": 2,
            "timeslot": 18,
            "day": "friday"
        }
    },
    {
        "model": "attribution_preference.preference_schedule",
        "pk": 23,
        "fields": {
            "attribution_preference": 2,
            "timeslot": 19,
            "day": "tuesday"
        }
    },
    {
        "model": "attribution_preference.preference_schedule",
        "pk": 24,
        "fields": {
            "attribution_preference": 2,
            "timeslot": 19,
            "day": "wednesday"
        }
    },
    {
        "model": "attribution_preference.preference_schedule",
        "pk": 25,
        "fields": {
            "attribution_preference": 2,
            "timeslot": 19,
            "day": "thursday"
        }
    },
    {
        "model": "attribution_preference.preference_schedule",
        "pk": 26,
        "fields": {
            "attribution_preference": 2,
            "timeslot": 19,
            "day": "friday"
        }
    },
    {
        "model": "attribution_preference.preference_schedule",
        "pk": 27,
        "fields": {
            "attribution_preference": 2,
            "timeslot": 20,
            "day": "tuesday"
        }
    },
    {
        "model": "attribution_preference.preference_schedule",
        "pk": 28,
        "fields": {
            "attribution_preference": 2,
            "timeslot": 20,
            "day": "wednesday"
        }
    },
    {
        "model": "attribution_preference.preference_schedule",
        "pk": 29,
        "fields": {
            "attribution_preference": 2,
            "timeslot": 20,
            "day": "thursday"
        }
    },
    {
        "model": "attribution_preference.preference_schedule",
        "pk": 30,
        "fields": {
            "attribution_preference": 2,
            "timeslot": 20,
            "day": "friday"
        }
    },
    {
        "model": "attribution_preference.preference_schedule",
        "pk": 31,
        "fields": {
            "attribution_preference": 2,
            "timeslot": 21,
            "day": "tuesday"
        }
    },
    {
        "model": "attribution_preference.preference_schedule",
        "pk": 32,
        "fields": {
            "attribution_preference": 2,
            "timeslot": 21,
            "day": "wednesday"
        }
    },
    {
        "model": "attribution_preference.preference_schedule",
        "pk": 33,
        "fields": {
            "attribution_preference": 2,
            "timeslot": 21,
            "day": "thursday"
        }
    },
    {
        "model": "attribution_preference.preference_schedule",
        "pk": 34,
        "fields": {
            "attribution_preference": 2,
            "timeslot": 21,
            "day": "friday"
        }
    },
    {
        "model": "attribution_preference.preference_schedule",
        "pk": 35,
        "fields": {
            "attribution_preference": 2,
            "timeslot": 22,
            "day": "tuesday"
        }
    },
    {
        "model": "attribution_preference.preference_schedule",
        "pk": 36,
        "fields": {
            "attribution_preference": 2,
            "timeslot": 22,
            "day": "wednesday"
        }
    },
    {
        "model": "attribution_preference.preference_schedule",
        "pk": 37,
        "fields": {
            "attribution_preference": 2,
            "timeslot": 22,
            "day": "thursday"
        }
    },
    {
        "model": "attribution_preference.preference_schedule",
        "pk": 38,
        "fields": {
            "attribution_preference": 2,
            "timeslot": 22,
            "day": "friday"
        }
    },
    {
        "model": "attribution_preference.preference_schedule",
        "pk": 39,
        "fields": {
            "attribution_preference": 2,
            "timeslot": 23,
            "day": "tuesday"
        }
    },
    {
        "model": "attribution_preference.preference_schedule",
        "pk": 40,
        "fields": {
            "attribution_preference": 2,
            "timeslot": 23,
            "day": "wednesday"
        }
    },
    {
        "model": "attribution_preference.preference_schedule",
        "pk": 41,
        "fields": {
            "attribution_preference": 2,
            "timeslot": 23,
            "day": "thursday"
        }
    },
    {
        "model": "attribution_preference.preference_schedule",
        "pk": 42,
        "fields": {
            "attribution_preference": 2,
            "timeslot": 23,
            "day": "friday"
        }
    },
    {
        "model": "attribution_preference.preference_schedule",
        "pk": 69,
        "fields": {
            "attribution_preference": 3,
            "timeslot": 18,
            "day": "tuesday"
        }
    },
    {
        "model": "attribution_preference.preference_schedule",
        "pk": 70,
        "fields": {
            "attribution_preference": 3,
            "timeslot": 18,
            "day": "wednesday"
        }
    },
    {
        "model": "attribution_preference.preference_schedule",
        "pk": 71,
        "fields": {
            "attribution_preference": 3,
            "timeslot": 18,
            "day": "thursday"
        }
    },
    {
        "model": "attribution_preference.preference_schedule",
        "pk": 72,
        "fields": {
            "attribution_preference": 3,
            "timeslot": 18,
            "day": "friday"
        }
    },
    {
        "model": "attribution_preference.preference_schedule",
        "pk": 73,
        "fields": {
            "attribution_preference": 3,
            "timeslot": 19,
            "day": "tuesday"
        }
    },
    {
        "model": "attribution_preference.preference_schedule",
        "pk": 74,
        "fields": {
            "attribution_preference": 3,
            "timeslot": 19,
            "day": "wednesday"
        }
    },
    {
        "model": "attribution_preference.preference_schedule",
        "pk": 75,
        "fields": {
            "attribution_preference": 3,
            "timeslot": 19,
            "day": "thursday"
        }
    },
    {
        "model": "attribution_preference.preference_schedule",
        "pk": 76,
        "fields": {
            "attribution_preference": 3,
            "timeslot": 19,
            "day": "friday"
        }
    },
    {
        "model": "attribution_preference.preference_schedule",
        "pk": 77,
        "fields": {
            "attribution_preference": 3,
            "timeslot": 20,
            "day": "tuesday"
        }
    },
    {
        "model": "attribution_preference.preference_schedule",
        "pk": 78,
        "fields": {
            "attribution_preference": 3,
            "timeslot": 20,
            "day": "wednesday"
        }
    },
    {
        "model": "attribution_preference.preference_schedule",
        "pk": 79,
        "fields": {
            "attribution_preference": 3,
            "timeslot": 20,
            "day": "thursday"
        }
    },
    {
        "model": "attribution_preference.preference_schedule",
        "pk": 80,
        "fields": {
            "attribution_preference": 3,
            "timeslot": 20,
            "day": "friday"
        }
    },
    {
        "model": "attribution_preference.preference_schedule",
        "pk": 81,
        "fields": {
            "attribution_preference": 3,
            "timeslot": 21,
            "day": "tuesday"
        }
    },
    {
        "model": "attribution_preference.preference_schedule",
        "pk": 82,
        "fields": {
            "attribution_preference": 3,
            "timeslot": 21,
            "day": "wednesday"
        }
    },
    {
        "model": "attribution_preference.preference_schedule",
        "pk": 83,
        "fields": {
            "attribution_preference": 3,
            "timeslot": 21,
            "day": "thursday"
        }
    },
    {
        "model": "attribution_preference.preference_schedule",
        "pk": 84,
        "fields": {
            "attribution_preference": 3,
            "timeslot": 21,
            "day": "friday"
        }
    },
    {
        "model": "attribution_preference.preference_schedule",
        "pk": 85,
        "fields": {
            "attribution_preference": 3,
            "timeslot": 22,
            "day": "tuesday"
        }
    },
    {
        "model": "attribution_preference.preference_schedule",
        "pk": 86,
        "fields": {
            "attribution_preference": 3,
            "timeslot": 22,
            "day": "wednesday"
        }
    },
    {
        "model": "attribution_preference.preference_schedule",
        "pk": 87,
        "fields": {
            "attribution_preference": 3,
            "timeslot": 22,
            "day": "thursday"
        }
    },
    {
        "model": "attribution_preference.preference_schedule",
        "pk": 88,
        "fields": {
            "attribution_preference": 3,
            "timeslot": 22,
            "day": "friday"
        }
    },
    {
        "model": "attribution_preference.preference_schedule",
        "pk": 89,
        "fields": {
            "attribution_preference": 3,
            "timeslot": 23,
            "day": "tuesday"
        }
    },
    {
        "model": "attribution_preference.preference_schedule",
        "pk": 90,
        "fields": {
            "attribution_preference": 3,
            "timeslot": 23,
            "day": "wednesday"
        }
    },
    {
        "model": "attribution_preference.preference_schedule",
        "pk": 91,
        "fields": {
            "attribution_preference": 3,
            "timeslot": 23,
            "day": "thursday"
        }
    },
    {
        "model": "attribution_preference.preference_schedule",
        "pk": 92,
        "fields": {
            "attribution_preference": 3,
            "timeslot": 23,
            "day": "friday"
        }
    },
    {
        "model": "attribution_preference.preference_schedule",
        "pk": 93,
        "fields": {
            "attribution_preference": 3,
            "timeslot": 1,
            "day": "tuesday"
        }
    },
    {
        "model": "attribution_preference.preference_schedule",
        "pk": 94,
        "fields": {
            "attribution_preference": 3,
            "timeslot": 2,
            "day": "tuesday"
        }
    },
    {
        "model": "attribution_preference.preference_schedule",
        "pk": 95,
        "fields": {
            "attribution_preference": 4,
            "timeslot": 18,
            "day": "tuesday"
        }
    },
    {
        "model": "attribution_preference.preference_schedule",
        "pk": 96,
        "fields": {
            "attribution_preference": 4,
            "timeslot": 18,
            "day": "wednesday"
        }
    },
    {
        "model": "attribution_preference.preference_schedule",
        "pk": 97,
        "fields": {
            "attribution_preference": 4,
            "timeslot": 18,
            "day": "thursday"
        }
    },
    {
        "model": "attribution_preference.preference_schedule",
        "pk": 98,
        "fields": {
            "attribution_preference": 4,
            "timeslot": 18,
            "day": "friday"
        }
    },
    {
        "model": "attribution_preference.preference_schedule",
        "pk": 99,
        "fields": {
            "attribution_preference": 4,
            "timeslot": 19,
            "day": "tuesday"
        }
    },
    {
        "model": "attribution_preference.preference_schedule",
        "pk": 100,
        "fields": {
            "attribution_preference": 4,
            "timeslot": 19,
            "day": "wednesday"
        }
    },
    {
        "model": "attribution_preference.preference_schedule",
        "pk": 101,
        "fields": {
            "attribution_preference": 4,
            "timeslot": 19,
            "day": "thursday"
        }
    },
    {
        "model": "attribution_preference.preference_schedule",
        "pk": 102,
        "fields": {
            "attribution_preference": 4,
            "timeslot": 19,
            "day": "friday"
        }
    },
    {
        "model": "attribution_preference.preference_schedule",
        "pk": 103,
        "fields": {
            "attribution_preference": 4,
            "timeslot": 20,
            "day": "tuesday"
        }
    },
    {
        "model": "attribution_preference.preference_schedule",
        "pk": 104,
        "fields": {
            "attribution_preference": 4,
            "timeslot": 20,
            "day": "wednesday"
        }
    },
    {
        "model": "attribution_preference.preference_schedule",
        "pk": 105,
        "fields": {
            "attribution_preference": 4,
            "timeslot": 20,
            "day": "thursday"
        }
    },
    {
        "model": "attribution_preference.preference_schedule",
        "pk": 106,
        "fields": {
            "attribution_preference": 4,
            "timeslot": 20,
            "day": "friday"
        }
    },
    {
        "model": "attribution_preference.preference_schedule",
        "pk": 107,
        "fields": {
            "attribution_preference": 4,
            "timeslot": 21,
            "day": "tuesday"
        }
    },
    {
        "model": "attribution_preference.preference_schedule",
        "pk": 108,
        "fields": {
            "attribution_preference": 4,
            "timeslot": 21,
            "day": "wednesday"
        }
    },
    {
        "model": "attribution_preference.preference_schedule",
        "pk": 109,
        "fields": {
            "attribution_preference": 4,
            "timeslot": 21,
            "day": "thursday"
        }
    },
    {
        "model": "attribution_preference.preference_schedule",
        "pk": 110,
        "fields": {
            "attribution_preference": 4,
            "timeslot": 21,
            "day": "friday"
        }
    },
    {
        "model": "attribution_preference.preference_schedule",
        "pk": 111,
        "fields": {
            "attribution_preference": 4,
            "timeslot": 22,
            "day": "tuesday"
        }
    },
    {
        "model": "attribution_preference.preference_schedule",
        "pk": 112,
        "fields": {
            "attribution_preference": 4,
            "timeslot": 22,
            "day": "wednesday"
        }
    },
    {
        "model": "attribution_preference.preference_schedule",
        "pk": 113,
        "fields": {
            "attribution_preference": 4,
            "timeslot": 22,
            "day": "thursday"
        }
    },
    {
        "model": "attribution_preference.preference_schedule",
        "pk": 114,
        "fields": {
            "attribution_preference": 4,
            "timeslot": 22,
            "day": "friday"
        }
    },
    {
        "model": "attribution_preference.preference_schedule",
        "pk": 115,
        "fields": {
            "attribution_preference": 4,
            "timeslot": 23,
            "day": "tuesday"
        }
    },
    {
        "model": "attribution_preference.preference_schedule",
        "pk": 116,
        "fields": {
            "attribution_preference": 4,
            "timeslot": 23,
            "day": "wednesday"
        }
    },
    {
        "model": "attribution_preference.preference_schedule",
        "pk": 117,
        "fields": {
            "attribution_preference": 4,
            "timeslot": 23,
            "day": "thursday"
        }
    },
    {
        "model": "attribution_preference.preference_schedule",
        "pk": 118,
        "fields": {
            "attribution_preference": 4,
            "timeslot": 23,
            "day": "friday"
        }
    },
    {
        "model": "attribution_preference.preference_schedule",
        "pk": 119,
        "fields": {
            "attribution_preference": 5,
            "timeslot": 1,
            "day": "monday"
        }
    },
    {
        "model": "attribution_preference.preference_schedule",
        "pk": 120,
        "fields": {
            "attribution_preference": 5,
            "timeslot": 1,
            "day": "tuesday"
        }
    },
    {
        "model": "attribution_preference.preference_schedule",
        "pk": 121,
        "fields": {
            "attribution_preference": 5,
            "timeslot": 1,
            "day": "wednesday"
        }
    },
    {
        "model": "attribution_preference.preference_schedule",
        "pk": 122,
        "fields": {
            "attribution_preference": 5,
            "timeslot": 1,
            "day": "friday"
        }
    },
    {
        "model": "attribution_preference.preference_schedule",
        "pk": 123,
        "fields": {
            "attribution_preference": 5,
            "timeslot": 1,
            "day": "saturday"
        }
    },
    {
        "model": "attribution_preference.preference_schedule",
        "pk": 124,
        "fields": {
            "attribution_preference": 5,
            "timeslot": 2,
            "day": "monday"
        }
    },
    {
        "model": "attribution_preference.preference_schedule",
        "pk": 125,
        "fields": {
            "attribution_preference": 5,
            "timeslot": 2,
            "day": "tuesday"
        }
    },
    {
        "model": "attribution_preference.preference_schedule",
        "pk": 126,
        "fields": {
            "attribution_preference": 5,
            "timeslot": 2,
            "day": "wednesday"
        }
    },
    {
        "model": "attribution_preference.preference_schedule",
        "pk": 127,
        "fields": {
            "attribution_preference": 5,
            "timeslot": 2,
            "day": "friday"
        }
    },
    {
        "model": "attribution_preference.preference_schedule",
        "pk": 128,
        "fields": {
            "attribution_preference": 5,
            "timeslot": 2,
            "day": "saturday"
        }
    },
    {
        "model": "attribution_preference.preference_schedule",
        "pk": 129,
        "fields": {
            "attribution_preference": 5,
            "timeslot": 3,
            "day": "monday"
        }
    },
    {
        "model": "attribution_preference.preference_schedule",
        "pk": 130,
        "fields": {
            "attribution_preference": 5,
            "timeslot": 3,
            "day": "tuesday"
        }
    },
    {
        "model": "attribution_preference.preference_schedule",
        "pk": 131,
        "fields": {
            "attribution_preference": 5,
            "timeslot": 3,
            "day": "wednesday"
        }
    },
    {
        "model": "attribution_preference.preference_schedule",
        "pk": 132,
        "fields": {
            "attribution_preference": 5,
            "timeslot": 3,
            "day": "friday"
        }
    },
    {
        "model": "attribution_preference.preference_schedule",
        "pk": 133,
        "fields": {
            "attribution_preference": 5,
            "timeslot": 3,
            "day": "saturday"
        }
    },
    {
        "model": "attribution_preference.preference_schedule",
        "pk": 134,
        "fields": {
            "attribution_preference": 5,
            "timeslot": 4,
            "day": "monday"
        }
    },
    {
        "model": "attribution_preference.preference_schedule",
        "pk": 135,
        "fields": {
            "attribution_preference": 5,
            "timeslot": 4,
            "day": "tuesday"
        }
    },
    {
        "model": "attribution_preference.preference_schedule",
        "pk": 136,
        "fields": {
            "attribution_preference": 5,
            "timeslot": 4,
            "day": "wednesday"
        }
    },
    {
        "model": "attribution_preference.preference_schedule",
        "pk": 137,
        "fields": {
            "attribution_preference": 5,
            "timeslot": 4,
            "day": "friday"
        }
    },
    {
        "model": "attribution_preference.preference_schedule",
        "pk": 138,
        "fields": {
            "attribution_preference": 5,
            "timeslot": 4,
            "day": "saturday"
        }
    },
    {
        "model": "attribution_preference.preference_schedule",
        "pk": 139,
        "fields": {
            "attribution_preference": 5,
            "timeslot": 5,
            "day": "monday"
        }
    },
    {
        "model": "attribution_preference.preference_schedule",
        "pk": 140,
        "fields": {
            "attribution_preference": 5,
            "timeslot": 5,
            "day": "tuesday"
        }
    },
    {
        "model": "attribution_preference.preference_schedule",
        "pk": 141,
        "fields": {
            "attribution_preference": 5,
            "timeslot": 5,
            "day": "wednesday"
        }
    },
    {
        "model": "attribution_preference.preference_schedule",
        "pk": 142,
        "fields": {
            "attribution_preference": 5,
            "timeslot": 5,
            "day": "friday"
        }
    },
    {
        "model": "attribution_preference.preference_schedule",
        "pk": 143,
        "fields": {
            "attribution_preference": 5,
            "timeslot": 5,
            "day": "saturday"
        }
    },
    {
        "model": "attribution_preference.preference_schedule",
        "pk": 144,
        "fields": {
            "attribution_preference": 5,
            "timeslot": 6,
            "day": "monday"
        }
    },
    {
        "model": "attribution_preference.preference_schedule",
        "pk": 145,
        "fields": {
            "attribution_preference": 5,
            "timeslot": 6,
            "day": "tuesday"
        }
    },
    {
        "model": "attribution_preference.preference_schedule",
        "pk": 146,
        "fields": {
            "attribution_preference": 5,
            "timeslot": 6,
            "day": "wednesday"
        }
    },
    {
        "model": "attribution_preference.preference_schedule",
        "pk": 147,
        "fields": {
            "attribution_preference": 5,
            "timeslot": 6,
            "day": "friday"
        }
    },
    {
        "model": "attribution_preference.preference_schedule",
        "pk": 148,
        "fields": {
            "attribution_preference": 5,
            "timeslot": 6,
            "day": "saturday"
        }
    },
    {
        "model": "attribution_preference.preference_schedule",
        "pk": 149,
        "fields": {
            "attribution_preference": 5,
            "timeslot": 22,
            "day": "wednesday"
        }
    },
    {
        "model": "attribution_preference.preference_schedule",
        "pk": 150,
        "fields": {
            "attribution_preference": 5,
            "timeslot": 21,
            "day": "wednesday"
        }
    },
    {
        "model": "attribution_preference.preference_schedule",
        "pk": 151,
        "fields": {
            "attribution_preference": 5,
            "timeslot": 23,
            "day": "wednesday"
        }
    },
    {
        "model": "attribution_preference.preference_schedule",
        "pk": 152,
        "fields": {
            "attribution_preference": 5,
            "timeslot": 20,
            "day": "wednesday"
        }
    },
    {
        "model": "attribution_preference.preference_schedule",
        "pk": 153,
        "fields": {
            "attribution_preference": 5,
            "timeslot": 19,
            "day": "wednesday"
        }
    },
    {
        "model": "attribution_preference.course_preference",
        "pk": 1,
        "fields": {
            "attribution_preference": 1,
            "timetable": 444,
            "blockk": 4,
            "priority": "primary"
        }
    },
    {
        "model": "attribution_preference.course_preference",
        "pk": 2,
        "fields": {
            "attribution_preference": 1,
            "timetable": 5,
            "blockk": 4,
            "priority": "primary"
        }
    },
    {
        "model": "attribution_preference.course_preference",
        "pk": 3,
        "fields": {
            "attribution_preference": 1,
            "timetable": 431,
            "blockk": 4,
            "priority": "primary"
        }
    },
    {
        "model": "attribution_preference.course_preference",
        "pk": 4,
        "fields": {
            "attribution_preference": 1,
            "timetable": 133,
            "blockk": 4,
            "priority": "secondary"
        }
    },
    {
        "model": "attribution_preference.course_preference",
        "pk": 5,
        "fields": {
            "attribution_preference": 1,
            "timetable": 476,
            "blockk": 4,
            "priority": "secondary"
        }
    },
    {
        "model": "attribution_preference.course_preference",
        "pk": 6,
        "fields": {
            "attribution_preference": 2,
            "timetable": 431,
            "blockk": 4,
            "priority": "primary"
        }
    },
    {
        "model": "attribution_preference.course_preference",
        "pk": 7,
        "fields": {
            "attribution_preference": 2,
            "timetable": 195,
            "blockk": 4,
            "priority": "primary"
        }
    },
    {
        "model": "attribution_preference.course_preference",
        "pk": 8,
        "fields": {
            "attribution_preference": 2,
            "timetable": 439,
            "blockk": 4,
            "priority": "primary"
        }
    },
    {
        "model": "attribution_preference.course_preference",
        "pk": 9,
        "fields": {
            "attribution_preference": 2,
            "timetable": 456,
            "blockk": 4,
            "priority": "secondary"
        }
    },
    {
        "model": "attribution_preference.course_preference",
        "pk": 10,
        "fields": {
            "attribution_preference": 3,
            "timetable": 431,
            "blockk": 4,
            "priority": "primary"
        }
    },
    {
        "model": "attribution_preference.course_preference",
        "pk": 11,
        "fields": {
            "attribution_preference": 3,
            "timetable": 197,
            "blockk": 1,
            "priority": "primary"
        }
    },
    {
        "model": "attribution_preference.course_preference",
        "pk": 12,
        "fields": {
            "attribution_preference": 3,
            "timetable": 217,
            "blockk": 1,
            "priority": "primary"
        }
    },
    {
        "model": "attribution_preference.course_preference",
        "pk": 13,
        "fields": {
            "attribution_preference": 3,
            "timetable": 196,
            "blockk": 4,
            "priority": "secondary"
        }
    },
    {
        "model": "attribution_preference.course_preference",
        "pk": 14,
        "fields": {
            "attribution_preference": 3,
            "timetable": 426,
            "blockk": 4,
            "priority": "secondary"
        }
    },
    {
        "model": "attribution_preference.course_preference",
        "pk": 15,
        "fields": {
            "attribution_preference": 4,
            "timetable": 197,
            "blockk": 1,
            "priority": "primary"
        }
    },
    {
        "model": "attribution_preference.course_preference",
        "pk": 16,
        "fields": {
            "attribution_preference": 4,
            "timetable": 208,
            "blockk": 1,
            "priority": "primary"
        }
    },
    {
        "model": "attribution_preference.course_preference",
        "pk": 17,
        "fields": {
            "attribution_preference": 4,
            "timetable": 217,
            "blockk": 1,
            "priority": "secondary"
        }
    },
    {
        "model": "attribution_preference.course_preference",
        "pk": 18,
        "fields": {
            "attribution_preference": 5,
            "timetable": 197,
            "blockk": 1,
            "priority": "primary"
        }
    },
    {
        "model": "attribution_preference.course_preference",
        "pk": 19,
        "fields": {
            "attribution_preference": 5,
            "timetable": 136,
            "blockk": 1,
            "priority": "primary"
        }
    },
    {
        "model": "attribution_preference.course_preference",
        "pk": 20,
        "fields": {
            "attribution_preference": 5,
            "timetable": 56,
            "blockk": 1,
            "priority": "secondary"
        }
    },
    {
        "model": "attribution.teacherqueueposition",
        "pk": 33,
        "fields": {
            "teacher": 22,
            "position": 0,
            "blockk": 4
        }
    },
    {
        "model": "attribution.teacherqueueposition",
        "pk": 34,
        "fields": {
            "teacher": 19,
            "position": 1,
            "blockk": 4
        }
    },
    {
        "model": "attribution.teacherqueueposition",
        "pk": 35,
        "fields": {
            "teacher": 7,
            "position": 2,
            "blockk": 4
        }
    },
    {
        "model": "attribution.teacherqueueposition",
        "pk": 36,
        "fields": {
            "teacher": 7,
            "position": 0,
            "blockk": 1
        }
    },
    {
        "model": "attribution.teacherqueueposition",
        "pk": 37,
        "fields": {
            "teacher": 20,
            "position": 1,
            "blockk": 1
        }
    },
    {
        "model": "attribution.teacherqueueposition",
        "pk": 38,
        "fields": {
            "teacher": 21,
            "position": 2,
            "blockk": 1
        }
    },
    {
        "model": "attribution.teacherqueuepositionbackup",
        "pk": 1,
        "fields": {
            "teacher": 21,
            "position": 2,
            "blockk": 1
        }
    },
    {
        "model": "attribution.teacherqueuepositionbackup",
        "pk": 2,
        "fields": {
            "teacher": 7,
            "position": 0,
            "blockk": 1
        }
    },
    {
        "model": "attribution.teacherqueuepositionbackup",
        "pk": 3,
        "fields": {
            "teacher": 20,
            "position": 1,
            "blockk": 1
        }
    },
    {
        "model": "attribution.teacherqueuepositionbackup",
        "pk": 4,
        "fields": {
            "teacher": 19,
            "position": 1,
            "blockk": 4
        }
    },
    {
        "model": "attribution.teacherqueuepositionbackup",
        "pk": 5,
        "fields": {
            "teacher": 7,
            "position": 2,
            "blockk": 4
        }
    },
    {
        "model": "attribution.teacherqueuepositionbackup",
        "pk": 6,
        "fields": {
            "teacher": 22,
            "position": 0,
            "blockk": 4
        }
    },
    {
        "model": "user.user",
        "pk": 7,
        "fields": {
            "password": "pbkdf2_sha256$390000$YKGtI1FU3aQ0YGCS9ZbmOs$j+cqjhqPsjPW/9Eg/5mzG6DFh6XlDQhXuFhEnlq+MMo=",
            "last_login": "2023-09-05T15:55:29.693",
            "registration_id": "D",
            "first_name": "D",
            "last_name": "D",
            "email": "d@aluno.ifsp.edu.br",
            "telephone": "(77)7777-7777",
            "cell_phone": "1199999999995",
            "date_joined": "2023-09-01T05:19:13.491",
            "is_superuser": true,
            "is_staff": true,
            "is_active": true,
            "is_fgfcc": false,
            "is_professor": true,
            "history": 11,
            "job": 218,
            "groups": [],
            "user_permissions": [],
            "blocks": [
                1,
                2,
                3,
                4,
                5
            ]
        }
    },
    {
        "model": "user.user",
        "pk": 19,
        "fields": {
            "password": "pbkdf2_sha256$390000$YKGtI1FU3aQ0YGCS9ZbmOs$j+cqjhqPsjPW/9Eg/5mzG6DFh6XlDQhXuFhEnlq+MMo=",
            "last_login": "2023-09-05T18:59:00.625",
            "registration_id": "SP1111112",
            "first_name": "PROFESSOR 2",
            "last_name": "TESTE",
            "email": "professor2@ifsp.edu.br",
            "telephone": "(66)6666-66",
            "cell_phone": "+5511999999004",
            "date_joined": "2023-09-02T02:35:51.187",
            "is_superuser": false,
            "is_staff": false,
            "is_active": true,
            "is_fgfcc": false,
            "is_professor": true,
            "history": 49,
            "job": 216,
            "groups": [],
            "user_permissions": [],
            "blocks": [
                4
            ]
        }
    },
    {
        "model": "user.user",
        "pk": 20,
        "fields": {
            "password": "pbkdf2_sha256$390000$YKGtI1FU3aQ0YGCS9ZbmOs$j+cqjhqPsjPW/9Eg/5mzG6DFh6XlDQhXuFhEnlq+MMo=",
            "last_login": "2023-09-05T19:15:50.616",
            "registration_id": "SP1111113",
            "first_name": "PROFESSOR 3",
            "last_name": "TESTE",
            "email": "professor3@ifsp.edu.br",
            "telephone": "(89)6969-6898",
            "cell_phone": "+5511999999005",
            "date_joined": "2023-09-02T02:36:47.475",
            "is_superuser": false,
            "is_staff": false,
            "is_active": true,
            "is_fgfcc": false,
            "is_professor": true,
            "history": 63,
            "job": 219,
            "groups": [],
            "user_permissions": [],
            "blocks": [
                1
            ]
        }
    },
    {
        "model": "user.user",
        "pk": 21,
        "fields": {
            "password": "pbkdf2_sha256$390000$YKGtI1FU3aQ0YGCS9ZbmOs$j+cqjhqPsjPW/9Eg/5mzG6DFh6XlDQhXuFhEnlq+MMo=",
            "last_login": "2023-09-05T20:59:57.815",
            "registration_id": "SP1111114",
            "first_name": "PROFESSOR 4",
            "last_name": "TESTE",
            "email": "professor4@ifsp.edu.br",
            "telephone": "(88)3929-38",
            "cell_phone": "+551199999000",
            "date_joined": "2023-09-02T02:38:38.135",
            "is_superuser": false,
            "is_staff": false,
            "is_active": true,
            "is_fgfcc": false,
            "is_professor": true,
            "history": 43,
            "job": 220,
            "groups": [],
            "user_permissions": [],
            "blocks": [
                1
            ]
        }
    },
    {
        "model": "user.user",
        "pk": 22,
        "fields": {
            "password": "pbkdf2_sha256$390000$YKGtI1FU3aQ0YGCS9ZbmOs$j+cqjhqPsjPW/9Eg/5mzG6DFh6XlDQhXuFhEnlq+MMo=",
            "last_login": "2023-09-05T16:36:54.123",
            "registration_id": "SP1111115",
            "first_name": "PROFESSOR 5",
            "last_name": "TESTE",
            "email": "professor5@ifsp.edu.br",
            "telephone": "(75)7575-75",
            "cell_phone": "+551199999005",
            "date_joined": "2023-09-02T02:39:50.776",
            "is_superuser": false,
            "is_staff": false,
            "is_active": true,
            "is_fgfcc": false,
            "is_professor": true,
            "history": 28,
            "job": 215,
            "groups": [],
            "user_permissions": [],
            "blocks": [
                4
            ]
        }
    },
    {
        "model": "user.academicdegreehistory",
        "pk": 1,
        "fields": {
            "history": 8,
            "academic_degree": 5
        }
    },
    {
        "model": "user.academicdegreehistory",
        "pk": 2,
        "fields": {
            "history": 8,
            "academic_degree": 2
        }
    },
    {
        "model": "user.academicdegreehistory",
        "pk": 26,
        "fields": {
            "history": 17,
            "academic_degree": 6
        }
    },
    {
        "model": "user.academicdegreehistory",
        "pk": 27,
        "fields": {
            "history": 18,
            "academic_degree": 2
        }
    },
    {
        "model": "user.academicdegreehistory",
        "pk": 28,
        "fields": {
            "history": 18,
            "academic_degree": 4
        }
    },
    {
        "model": "user.academicdegreehistory",
        "pk": 29,
        "fields": {
            "history": 18,
            "academic_degree": 3
        }
    },
    {
        "model": "user.academicdegreehistory",
        "pk": 30,
        "fields": {
            "history": 18,
            "academic_degree": 5
        }
    },
    {
        "model": "user.academicdegreehistory",
        "pk": 31,
        "fields": {
            "history": 19,
            "academic_degree": 6
        }
    },
    {
        "model": "user.academicdegreehistory",
        "pk": 45,
        "fields": {
            "history": 26,
            "academic_degree": 4
        }
    },
    {
        "model": "user.academicdegreehistory",
        "pk": 46,
        "fields": {
            "history": 26,
            "academic_degree": 2
        }
    },
    {
        "model": "user.academicdegreehistory",
        "pk": 47,
        "fields": {
            "history": 26,
            "academic_degree": 1
        }
    },
    {
        "model": "user.academicdegreehistory",
        "pk": 52,
        "fields": {
            "history": 28,
            "academic_degree": 4
        }
    },
    {
        "model": "user.academicdegreehistory",
        "pk": 53,
        "fields": {
            "history": 28,
            "academic_degree": 5
        }
    },
    {
        "model": "user.academicdegreehistory",
        "pk": 54,
        "fields": {
            "history": 28,
            "academic_degree": 5
        }
    },
    {
        "model": "user.academicdegreehistory",
        "pk": 55,
        "fields": {
            "history": 28,
            "academic_degree": 6
        }
    },
    {
        "model": "user.academicdegreehistory",
        "pk": 56,
        "fields": {
            "history": 28,
            "academic_degree": 2
        }
    },
    {
        "model": "user.academicdegreehistory",
        "pk": 57,
        "fields": {
            "history": 29,
            "academic_degree": 4
        }
    },
    {
        "model": "user.academicdegreehistory",
        "pk": 58,
        "fields": {
            "history": 29,
            "academic_degree": 3
        }
    },
    {
        "model": "user.academicdegreehistory",
        "pk": 59,
        "fields": {
            "history": 29,
            "academic_degree": 6
        }
    },
    {
        "model": "user.academicdegreehistory",
        "pk": 60,
        "fields": {
            "history": 29,
            "academic_degree": 6
        }
    },
    {
        "model": "user.academicdegreehistory",
        "pk": 61,
        "fields": {
            "history": 30,
            "academic_degree": 2
        }
    },
    {
        "model": "user.academicdegreehistory",
        "pk": 62,
        "fields": {
            "history": 30,
            "academic_degree": 2
        }
    },
    {
        "model": "user.academicdegreehistory",
        "pk": 63,
        "fields": {
            "history": 30,
            "academic_degree": 3
        }
    },
    {
        "model": "user.academicdegreehistory",
        "pk": 64,
        "fields": {
            "history": 31,
            "academic_degree": 4
        }
    },
    {
        "model": "user.academicdegreehistory",
        "pk": 65,
        "fields": {
            "history": 31,
            "academic_degree": 4
        }
    },
    {
        "model": "user.academicdegreehistory",
        "pk": 66,
        "fields": {
            "history": 31,
            "academic_degree": 2
        }
    },
    {
        "model": "user.academicdegreehistory",
        "pk": 67,
        "fields": {
            "history": 32,
            "academic_degree": 4
        }
    },
    {
        "model": "user.academicdegreehistory",
        "pk": 68,
        "fields": {
            "history": 32,
            "academic_degree": 3
        }
    },
    {
        "model": "user.academicdegreehistory",
        "pk": 69,
        "fields": {
            "history": 32,
            "academic_degree": 2
        }
    },
    {
        "model": "user.academicdegreehistory",
        "pk": 70,
        "fields": {
            "history": 34,
            "academic_degree": 6
        }
    },
    {
        "model": "user.academicdegreehistory",
        "pk": 71,
        "fields": {
            "history": 34,
            "academic_degree": 4
        }
    },
    {
        "model": "user.academicdegreehistory",
        "pk": 72,
        "fields": {
            "history": 34,
            "academic_degree": 3
        }
    },
    {
        "model": "user.academicdegreehistory",
        "pk": 73,
        "fields": {
            "history": 34,
            "academic_degree": 2
        }
    },
    {
        "model": "user.academicdegreehistory",
        "pk": 74,
        "fields": {
            "history": 34,
            "academic_degree": 1
        }
    },
    {
        "model": "user.academicdegreehistory",
        "pk": 103,
        "fields": {
            "history": 44,
            "academic_degree": 3
        }
    },
    {
        "model": "user.academicdegreehistory",
        "pk": 104,
        "fields": {
            "history": 44,
            "academic_degree": 2
        }
    },
    {
        "model": "user.academicdegreehistory",
        "pk": 105,
        "fields": {
            "history": 44,
            "academic_degree": 1
        }
    },
    {
        "model": "user.academicdegreehistory",
        "pk": 116,
        "fields": {
            "history": 49,
            "academic_degree": 4
        }
    },
    {
        "model": "user.academicdegreehistory",
        "pk": 117,
        "fields": {
            "history": 49,
            "academic_degree": 2
        }
    },
    {
        "model": "user.academicdegreehistory",
        "pk": 118,
        "fields": {
            "history": 49,
            "academic_degree": 1
        }
    },
    {
        "model": "user.academicdegreehistory",
        "pk": 127,
        "fields": {
            "history": 53,
            "academic_degree": 6
        }
    },
    {
        "model": "user.academicdegreehistory",
        "pk": 128,
        "fields": {
            "history": 53,
            "academic_degree": 5
        }
    },
    {
        "model": "user.academicdegreehistory",
        "pk": 129,
        "fields": {
            "history": 53,
            "academic_degree": 3
        }
    },
    {
        "model": "user.academicdegreehistory",
        "pk": 130,
        "fields": {
            "history": 53,
            "academic_degree": 2
        }
    },
    {
        "model": "user.academicdegreehistory",
        "pk": 131,
        "fields": {
            "history": 54,
            "academic_degree": 4
        }
    },
    {
        "model": "user.academicdegreehistory",
        "pk": 132,
        "fields": {
            "history": 54,
            "academic_degree": 6
        }
    },
    {
        "model": "user.academicdegreehistory",
        "pk": 133,
        "fields": {
            "history": 54,
            "academic_degree": 6
        }
    },
    {
        "model": "user.academicdegreehistory",
        "pk": 134,
        "fields": {
            "history": 54,
            "academic_degree": 6
        }
    },
    {
        "model": "user.academicdegreehistory",
        "pk": 146,
        "fields": {
            "history": 58,
            "academic_degree": 4
        }
    },
    {
        "model": "user.academicdegreehistory",
        "pk": 147,
        "fields": {
            "history": 58,
            "academic_degree": 2
        }
    },
    {
        "model": "user.academicdegreehistory",
        "pk": 148,
        "fields": {
            "history": 58,
            "academic_degree": 6
        }
    },
    {
        "model": "user.academicdegreehistory",
        "pk": 149,
        "fields": {
            "history": 58,
            "academic_degree": 5
        }
    },
    {
        "model": "user.academicdegreehistory",
        "pk": 151,
        "fields": {
            "history": 1,
            "academic_degree": 6
        }
    },
    {
        "model": "user.academicdegreehistory",
        "pk": 152,
        "fields": {
            "history": 9,
            "academic_degree": 4
        }
    },
    {
        "model": "user.academicdegreehistory",
        "pk": 153,
        "fields": {
            "history": 9,
            "academic_degree": 3
        }
    },
    {
        "model": "user.academicdegreehistory",
        "pk": 154,
        "fields": {
            "history": 9,
            "academic_degree": 2
        }
    },
    {
        "model": "user.academicdegreehistory",
        "pk": 155,
        "fields": {
            "history": 12,
            "academic_degree": 5
        }
    },
    {
        "model": "user.academicdegreehistory",
        "pk": 156,
        "fields": {
            "history": 12,
            "academic_degree": 5
        }
    },
    {
        "model": "user.academicdegreehistory",
        "pk": 157,
        "fields": {
            "history": 12,
            "academic_degree": 2
        }
    },
    {
        "model": "user.academicdegreehistory",
        "pk": 158,
        "fields": {
            "history": 12,
            "academic_degree": 4
        }
    },
    {
        "model": "user.academicdegreehistory",
        "pk": 159,
        "fields": {
            "history": 10,
            "academic_degree": 1
        }
    },
    {
        "model": "user.academicdegreehistory",
        "pk": 160,
        "fields": {
            "history": 10,
            "academic_degree": 2
        }
    },
    {
        "model": "user.academicdegreehistory",
        "pk": 161,
        "fields": {
            "history": 10,
            "academic_degree": 3
        }
    },
    {
        "model": "user.academicdegreehistory",
        "pk": 162,
        "fields": {
            "history": 13,
            "academic_degree": 2
        }
    },
    {
        "model": "user.academicdegreehistory",
        "pk": 163,
        "fields": {
            "history": 13,
            "academic_degree": 5
        }
    },
    {
        "model": "user.academicdegreehistory",
        "pk": 164,
        "fields": {
            "history": 13,
            "academic_degree": 5
        }
    },
    {
        "model": "user.academicdegreehistory",
        "pk": 165,
        "fields": {
            "history": 13,
            "academic_degree": 6
        }
    },
    {
        "model": "user.academicdegreehistory",
        "pk": 166,
        "fields": {
            "history": 15,
            "academic_degree": 1
        }
    },
    {
        "model": "user.academicdegreehistory",
        "pk": 167,
        "fields": {
            "history": 15,
            "academic_degree": 2
        }
    },
    {
        "model": "user.academicdegreehistory",
        "pk": 168,
        "fields": {
            "history": 15,
            "academic_degree": 4
        }
    },
    {
        "model": "user.academicdegreehistory",
        "pk": 169,
        "fields": {
            "history": 15,
            "academic_degree": 5
        }
    },
    {
        "model": "user.academicdegreehistory",
        "pk": 172,
        "fields": {
            "history": 57,
            "academic_degree": 6
        }
    },
    {
        "model": "user.academicdegreehistory",
        "pk": 173,
        "fields": {
            "history": 57,
            "academic_degree": 3
        }
    },
    {
        "model": "user.academicdegreehistory",
        "pk": 174,
        "fields": {
            "history": 57,
            "academic_degree": 2
        }
    },
    {
        "model": "user.academicdegreehistory",
        "pk": 175,
        "fields": {
            "history": 59,
            "academic_degree": 6
        }
    },
    {
        "model": "user.academicdegreehistory",
        "pk": 176,
        "fields": {
            "history": 59,
            "academic_degree": 3
        }
    },
    {
        "model": "user.academicdegreehistory",
        "pk": 177,
        "fields": {
            "history": 59,
            "academic_degree": 2
        }
    },
    {
        "model": "user.academicdegreehistory",
        "pk": 178,
        "fields": {
            "history": 60,
            "academic_degree": 4
        }
    },
    {
        "model": "user.academicdegreehistory",
        "pk": 179,
        "fields": {
            "history": 60,
            "academic_degree": 2
        }
    },
    {
        "model": "user.academicdegreehistory",
        "pk": 180,
        "fields": {
            "history": 60,
            "academic_degree": 6
        }
    },
    {
        "model": "user.academicdegreehistory",
        "pk": 181,
        "fields": {
            "history": 62,
            "academic_degree": 4
        }
    },
    {
        "model": "user.academicdegreehistory",
        "pk": 182,
        "fields": {
            "history": 62,
            "academic_degree": 3
        }
    },
    {
        "model": "user.academicdegreehistory",
        "pk": 183,
        "fields": {
            "history": 62,
            "academic_degree": 2
        }
    },
    {
        "model": "user.academicdegreehistory",
        "pk": 184,
        "fields": {
            "history": 62,
            "academic_degree": 1
        }
    },
    {
        "model": "user.academicdegreehistory",
        "pk": 185,
        "fields": {
            "history": 62,
            "academic_degree": 5
        }
    },
    {
        "model": "user.academicdegreehistory",
        "pk": 186,
        "fields": {
            "history": 62,
            "academic_degree": 6
        }
    },
    {
        "model": "user.academicdegreehistory",
        "pk": 187,
        "fields": {
            "history": 63,
            "academic_degree": 4
        }
    },
    {
        "model": "user.academicdegreehistory",
        "pk": 188,
        "fields": {
            "history": 63,
            "academic_degree": 2
        }
    },
    {
        "model": "user.academicdegreehistory",
        "pk": 189,
        "fields": {
            "history": 63,
            "academic_degree": 5
        }
    },
    {
        "model": "user.academicdegreehistory",
        "pk": 190,
        "fields": {
            "history": 63,
            "academic_degree": 5
        }
    },
    {
        "model": "user.academicdegreehistory",
        "pk": 191,
        "fields": {
            "history": 63,
            "academic_degree": 6
        }
    },
    {
        "model": "user.academicdegreehistory",
        "pk": 192,
        "fields": {
            "history": 64,
            "academic_degree": 4
        }
    },
    {
        "model": "user.academicdegreehistory",
        "pk": 193,
        "fields": {
            "history": 64,
            "academic_degree": 2
        }
    },
    {
        "model": "user.academicdegreehistory",
        "pk": 194,
        "fields": {
            "history": 64,
            "academic_degree": 5
        }
    },
    {
        "model": "user.academicdegreehistory",
        "pk": 195,
        "fields": {
            "history": 64,
            "academic_degree": 6
        }
    },
    {
        "model": "user.academicdegreehistory",
        "pk": 196,
        "fields": {
            "history": 66,
            "academic_degree": 5
        }
    },
    {
        "model": "user.academicdegreehistory",
        "pk": 197,
        "fields": {
            "history": 66,
            "academic_degree": 6
        }
    },
    {
        "model": "user.academicdegreehistory",
        "pk": 198,
        "fields": {
            "history": 66,
            "academic_degree": 2
        }
    },
    {
        "model": "user.academicdegreehistory",
        "pk": 199,
        "fields": {
            "history": 66,
            "academic_degree": 1
        }
    },
    {
        "model": "user.academicdegreehistory",
        "pk": 200,
        "fields": {
            "history": 67,
            "academic_degree": 4
        }
    },
    {
        "model": "user.academicdegreehistory",
        "pk": 201,
        "fields": {
            "history": 67,
            "academic_degree": 3
        }
    },
    {
        "model": "user.academicdegreehistory",
        "pk": 202,
        "fields": {
            "history": 67,
            "academic_degree": 6
        }
    },
    {
        "model": "user.academicdegreehistory",
        "pk": 203,
        "fields": {
            "history": 68,
            "academic_degree": 4
        }
    },
    {
        "model": "user.academicdegreehistory",
        "pk": 204,
        "fields": {
            "history": 68,
            "academic_degree": 1
        }
    },
    {
        "model": "user.academicdegreehistory",
        "pk": 205,
        "fields": {
            "history": 68,
            "academic_degree": 2
        }
    },
    {
        "model": "user.academicdegreehistory",
        "pk": 206,
        "fields": {
            "history": 20,
            "academic_degree": 4
        }
    },
    {
        "model": "user.academicdegreehistory",
        "pk": 207,
        "fields": {
            "history": 20,
            "academic_degree": 2
        }
    },
    {
        "model": "user.academicdegreehistory",
        "pk": 208,
        "fields": {
            "history": 20,
            "academic_degree": 2
        }
    },
    {
        "model": "user.academicdegreehistory",
        "pk": 209,
        "fields": {
            "history": 20,
            "academic_degree": 1
        }
    },
    {
        "model": "user.academicdegreehistory",
        "pk": 210,
        "fields": {
            "history": 22,
            "academic_degree": 1
        }
    },
    {
        "model": "user.academicdegreehistory",
        "pk": 211,
        "fields": {
            "history": 22,
            "academic_degree": 2
        }
    },
    {
        "model": "user.academicdegreehistory",
        "pk": 212,
        "fields": {
            "history": 22,
            "academic_degree": 3
        }
    },
    {
        "model": "user.academicdegreehistory",
        "pk": 213,
        "fields": {
            "history": 22,
            "academic_degree": 6
        }
    },
    {
        "model": "user.academicdegreehistory",
        "pk": 214,
        "fields": {
            "history": 23,
            "academic_degree": 2
        }
    },
    {
        "model": "user.academicdegreehistory",
        "pk": 215,
        "fields": {
            "history": 23,
            "academic_degree": 3
        }
    },
    {
        "model": "user.academicdegreehistory",
        "pk": 216,
        "fields": {
            "history": 23,
            "academic_degree": 5
        }
    },
    {
        "model": "user.academicdegreehistory",
        "pk": 217,
        "fields": {
            "history": 38,
            "academic_degree": 3
        }
    },
    {
        "model": "user.academicdegreehistory",
        "pk": 218,
        "fields": {
            "history": 38,
            "academic_degree": 4
        }
    },
    {
        "model": "user.academicdegreehistory",
        "pk": 219,
        "fields": {
            "history": 38,
            "academic_degree": 4
        }
    },
    {
        "model": "user.academicdegreehistory",
        "pk": 220,
        "fields": {
            "history": 38,
            "academic_degree": 2
        }
    },
    {
        "model": "user.academicdegreehistory",
        "pk": 221,
        "fields": {
            "history": 24,
            "academic_degree": 2
        }
    },
    {
        "model": "user.academicdegreehistory",
        "pk": 222,
        "fields": {
            "history": 24,
            "academic_degree": 3
        }
    },
    {
        "model": "user.academicdegreehistory",
        "pk": 223,
        "fields": {
            "history": 24,
            "academic_degree": 4
        }
    },
    {
        "model": "user.academicdegreehistory",
        "pk": 224,
        "fields": {
            "history": 16,
            "academic_degree": 6
        }
    },
    {
        "model": "user.academicdegreehistory",
        "pk": 225,
        "fields": {
            "history": 39,
            "academic_degree": 4
        }
    },
    {
        "model": "user.academicdegreehistory",
        "pk": 226,
        "fields": {
            "history": 36,
            "academic_degree": 5
        }
    },
    {
        "model": "user.academicdegreehistory",
        "pk": 227,
        "fields": {
            "history": 36,
            "academic_degree": 3
        }
    },
    {
        "model": "user.academicdegreehistory",
        "pk": 228,
        "fields": {
            "history": 36,
            "academic_degree": 4
        }
    },
    {
        "model": "user.academicdegreehistory",
        "pk": 229,
        "fields": {
            "history": 35,
            "academic_degree": 6
        }
    },
    {
        "model": "user.academicdegreehistory",
        "pk": 230,
        "fields": {
            "history": 35,
            "academic_degree": 4
        }
    },
    {
        "model": "user.academicdegreehistory",
        "pk": 231,
        "fields": {
            "history": 35,
            "academic_degree": 2
        }
    },
    {
        "model": "user.academicdegreehistory",
        "pk": 232,
        "fields": {
            "history": 51,
            "academic_degree": 3
        }
    },
    {
        "model": "user.academicdegreehistory",
        "pk": 233,
        "fields": {
            "history": 37,
            "academic_degree": 4
        }
    },
    {
        "model": "user.academicdegreehistory",
        "pk": 234,
        "fields": {
            "history": 37,
            "academic_degree": 2
        }
    },
    {
        "model": "user.academicdegreehistory",
        "pk": 235,
        "fields": {
            "history": 25,
            "academic_degree": 2
        }
    },
    {
        "model": "user.academicdegreehistory",
        "pk": 236,
        "fields": {
            "history": 25,
            "academic_degree": 3
        }
    },
    {
        "model": "user.academicdegreehistory",
        "pk": 237,
        "fields": {
            "history": 25,
            "academic_degree": 4
        }
    },
    {
        "model": "user.academicdegreehistory",
        "pk": 238,
        "fields": {
            "history": 43,
            "academic_degree": 4
        }
    },
    {
        "model": "user.academicdegreehistory",
        "pk": 239,
        "fields": {
            "history": 43,
            "academic_degree": 2
        }
    },
    {
        "model": "user.academicdegreehistory",
        "pk": 240,
        "fields": {
            "history": 43,
            "academic_degree": 5
        }
    },
    {
        "model": "user.academicdegreehistory",
        "pk": 241,
        "fields": {
            "history": 27,
            "academic_degree": 4
        }
    },
    {
        "model": "user.academicdegreehistory",
        "pk": 242,
        "fields": {
            "history": 27,
            "academic_degree": 3
        }
    },
    {
        "model": "user.academicdegreehistory",
        "pk": 243,
        "fields": {
            "history": 27,
            "academic_degree": 1
        }
    },
    {
        "model": "user.academicdegreehistory",
        "pk": 244,
        "fields": {
            "history": 27,
            "academic_degree": 2
        }
    },
    {
        "model": "user.academicdegreehistory",
        "pk": 245,
        "fields": {
            "history": 55,
            "academic_degree": 6
        }
    },
    {
        "model": "user.academicdegreehistory",
        "pk": 246,
        "fields": {
            "history": 55,
            "academic_degree": 4
        }
    },
    {
        "model": "user.academicdegreehistory",
        "pk": 247,
        "fields": {
            "history": 55,
            "academic_degree": 2
        }
    },
    {
        "model": "user.academicdegreehistory",
        "pk": 248,
        "fields": {
            "history": 55,
            "academic_degree": 2
        }
    },
    {
        "model": "user.academicdegreehistory",
        "pk": 249,
        "fields": {
            "history": 55,
            "academic_degree": 2
        }
    },
    {
        "model": "user.academicdegreehistory",
        "pk": 250,
        "fields": {
            "history": 55,
            "academic_degree": 2
        }
    },
    {
        "model": "user.academicdegreehistory",
        "pk": 251,
        "fields": {
            "history": 40,
            "academic_degree": 6
        }
    },
    {
        "model": "user.academicdegreehistory",
        "pk": 252,
        "fields": {
            "history": 40,
            "academic_degree": 5
        }
    },
    {
        "model": "user.academicdegreehistory",
        "pk": 253,
        "fields": {
            "history": 40,
            "academic_degree": 2
        }
    },
    {
        "model": "user.academicdegreehistory",
        "pk": 254,
        "fields": {
            "history": 40,
            "academic_degree": 4
        }
    },
    {
        "model": "user.academicdegreehistory",
        "pk": 255,
        "fields": {
            "history": 52,
            "academic_degree": 4
        }
    },
    {
        "model": "user.academicdegreehistory",
        "pk": 256,
        "fields": {
            "history": 52,
            "academic_degree": 2
        }
    },
    {
        "model": "user.academicdegreehistory",
        "pk": 257,
        "fields": {
            "history": 52,
            "academic_degree": 6
        }
    },
    {
        "model": "user.academicdegreehistory",
        "pk": 258,
        "fields": {
            "history": 52,
            "academic_degree": 6
        }
    },
    {
        "model": "user.academicdegreehistory",
        "pk": 259,
        "fields": {
            "history": 41,
            "academic_degree": 4
        }
    },
    {
        "model": "user.academicdegreehistory",
        "pk": 260,
        "fields": {
            "history": 41,
            "academic_degree": 3
        }
    },
    {
        "model": "user.academicdegreehistory",
        "pk": 261,
        "fields": {
            "history": 41,
            "academic_degree": 1
        }
    },
    {
        "model": "user.academicdegreehistory",
        "pk": 262,
        "fields": {
            "history": 46,
            "academic_degree": 4
        }
    },
    {
        "model": "user.academicdegreehistory",
        "pk": 263,
        "fields": {
            "history": 46,
            "academic_degree": 2
        }
    },
    {
        "model": "user.academicdegreehistory",
        "pk": 264,
        "fields": {
            "history": 46,
            "academic_degree": 6
        }
    },
    {
        "model": "user.academicdegreehistory",
        "pk": 265,
        "fields": {
            "history": 46,
            "academic_degree": 6
        }
    },
    {
        "model": "user.academicdegreehistory",
        "pk": 266,
        "fields": {
            "history": 46,
            "academic_degree": 1
        }
    },
    {
        "model": "user.academicdegreehistory",
        "pk": 272,
        "fields": {
            "history": 45,
            "academic_degree": 4
        }
    },
    {
        "model": "user.academicdegreehistory",
        "pk": 273,
        "fields": {
            "history": 45,
            "academic_degree": 3
        }
    },
    {
        "model": "user.academicdegreehistory",
        "pk": 274,
        "fields": {
            "history": 45,
            "academic_degree": 6
        }
    },
    {
        "model": "user.academicdegreehistory",
        "pk": 275,
        "fields": {
            "history": 45,
            "academic_degree": 6
        }
    },
    {
        "model": "user.academicdegreehistory",
        "pk": 276,
        "fields": {
            "history": 45,
            "academic_degree": 6
        }
    },
    {
        "model": "user.academicdegreehistory",
        "pk": 277,
        "fields": {
            "history": 42,
            "academic_degree": 6
        }
    },
    {
        "model": "user.academicdegreehistory",
        "pk": 278,
        "fields": {
            "history": 42,
            "academic_degree": 6
        }
    },
    {
        "model": "user.academicdegreehistory",
        "pk": 279,
        "fields": {
            "history": 42,
            "academic_degree": 6
        }
    },
    {
        "model": "user.academicdegreehistory",
        "pk": 280,
        "fields": {
            "history": 42,
            "academic_degree": 4
        }
    },
    {
        "model": "user.academicdegreehistory",
        "pk": 281,
        "fields": {
            "history": 42,
            "academic_degree": 2
        }
    },
    {
        "model": "user.academicdegreehistory",
        "pk": 282,
        "fields": {
            "history": 50,
            "academic_degree": 4
        }
    },
    {
        "model": "user.academicdegreehistory",
        "pk": 283,
        "fields": {
            "history": 50,
            "academic_degree": 2
        }
    },
    {
        "model": "user.academicdegreehistory",
        "pk": 284,
        "fields": {
            "history": 50,
            "academic_degree": 6
        }
    },
    {
        "model": "user.academicdegreehistory",
        "pk": 285,
        "fields": {
            "history": 11,
            "academic_degree": 3
        }
    },
    {
        "model": "user.academicdegreehistory",
        "pk": 286,
        "fields": {
            "history": 11,
            "academic_degree": 2
        }
    },
    {
        "model": "user.academicdegreehistory",
        "pk": 287,
        "fields": {
            "history": 56,
            "academic_degree": 4
        }
    },
    {
        "model": "user.academicdegreehistory",
        "pk": 288,
        "fields": {
            "history": 56,
            "academic_degree": 2
        }
    },
    {
        "model": "user.academicdegreehistory",
        "pk": 289,
        "fields": {
            "history": 56,
            "academic_degree": 6
        }
    },
    {
        "model": "user.academicdegreehistory",
        "pk": 290,
        "fields": {
            "history": 14,
            "academic_degree": 6
        }
    },
    {
        "model": "user.history",
        "pk": 1,
        "fields": {
            "birth": "2004-06-16",
            "date_career": "2022-03-10",
            "date_campus": "2020-02-01",
            "date_professor": "2023-03-10",
            "date_area": "2020-02-01",
            "date_institute": "2020-02-01"
        }
    },
    {
        "model": "user.history",
        "pk": 2,
        "fields": {
            "birth": "1980-04-16",
            "date_career": "2000-01-30",
            "date_campus": "2003-03-10",
            "date_professor": "2002-03-10",
            "date_area": "2003-03-10",
            "date_institute": "2002-03-10"
        }
    },
    {
        "model": "user.history",
        "pk": 3,
        "fields": {
            "birth": "1980-04-16",
            "date_career": "2000-01-30",
            "date_campus": "2003-03-10",
            "date_professor": "2002-03-10",
            "date_area": "2003-03-10",
            "date_institute": "2002-03-10"
        }
    },
    {
        "model": "user.history",
        "pk": 4,
        "fields": {
            "birth": "1980-04-16",
            "date_career": "2000-01-30",
            "date_campus": "2003-03-10",
            "date_professor": "2002-03-10",
            "date_area": "2003-03-10",
            "date_institute": "2002-03-10"
        }
    },
    {
        "model": "user.history",
        "pk": 5,
        "fields": {
            "birth": "1980-04-16",
            "date_career": "2000-01-30",
            "date_campus": "2003-03-10",
            "date_professor": "2002-03-10",
            "date_area": "2003-03-10",
            "date_institute": "2002-03-10"
        }
    },
    {
        "model": "user.history",
        "pk": 6,
        "fields": {
            "birth": "1980-04-16",
            "date_career": "2000-01-30",
            "date_campus": "2003-03-10",
            "date_professor": "2002-03-10",
            "date_area": "2003-03-10",
            "date_institute": "2002-03-10"
        }
    },
    {
        "model": "user.history",
        "pk": 7,
        "fields": {
            "birth": "1980-04-16",
            "date_career": "2000-01-30",
            "date_campus": "2003-03-10",
            "date_professor": "2002-03-10",
            "date_area": "2003-03-10",
            "date_institute": "2002-03-10"
        }
    },
    {
        "model": "user.history",
        "pk": 8,
        "fields": {
            "birth": "2009-09-09",
            "date_career": "2009-09-09",
            "date_campus": "2009-09-09",
            "date_professor": "2009-09-09",
            "date_area": "2009-09-09",
            "date_institute": "2009-09-09"
        }
    },
    {
        "model": "user.history",
        "pk": 9,
        "fields": {
            "birth": "1980-04-16",
            "date_career": "2003-03-10",
            "date_campus": "2003-03-10",
            "date_professor": "2002-03-10",
            "date_area": "2003-03-10",
            "date_institute": "2003-03-10"
        }
    },
    {
        "model": "user.history",
        "pk": 10,
        "fields": {
            "birth": "1970-07-13",
            "date_career": "1988-09-10",
            "date_campus": "1998-09-10",
            "date_professor": "2004-03-10",
            "date_area": "2004-03-10",
            "date_institute": "2004-03-10"
        }
    },
    {
        "model": "user.history",
        "pk": 11,
        "fields": {
            "birth": "1990-08-08",
            "date_career": "2010-08-08",
            "date_campus": "2010-08-08",
            "date_professor": "2011-01-08",
            "date_area": "2011-01-08",
            "date_institute": "2011-01-08"
        }
    },
    {
        "model": "user.history",
        "pk": 12,
        "fields": {
            "birth": "1970-02-22",
            "date_career": "1990-01-01",
            "date_campus": "1990-01-01",
            "date_professor": "1990-01-01",
            "date_area": "1990-01-01",
            "date_institute": "1990-01-01"
        }
    },
    {
        "model": "user.history",
        "pk": 13,
        "fields": {
            "birth": "1965-07-17",
            "date_career": "1995-03-10",
            "date_campus": "1995-03-10",
            "date_professor": "1995-03-10",
            "date_area": "1995-03-10",
            "date_institute": "1995-03-10"
        }
    },
    {
        "model": "user.history",
        "pk": 14,
        "fields": {
            "birth": "2004-05-26",
            "date_career": "2022-03-01",
            "date_campus": "2020-01-01",
            "date_professor": "2022-03-01",
            "date_area": "2020-03-01",
            "date_institute": "2020-03-01"
        }
    },
    {
        "model": "user.history",
        "pk": 15,
        "fields": {
            "birth": "1992-10-15",
            "date_career": "2010-01-01",
            "date_campus": "2022-03-10",
            "date_professor": "2022-03-10",
            "date_area": "2010-01-01",
            "date_institute": "2010-01-01"
        }
    },
    {
        "model": "user.history",
        "pk": 16,
        "fields": {
            "birth": "2005-04-02",
            "date_career": "2022-03-10",
            "date_campus": "2020-01-01",
            "date_professor": "2022-03-10",
            "date_area": "2020-01-01",
            "date_institute": "2020-01-01"
        }
    },
    {
        "model": "user.history",
        "pk": 17,
        "fields": {
            "birth": "2004-09-18",
            "date_career": "2023-03-10",
            "date_campus": "2020-01-01",
            "date_professor": "2023-03-10",
            "date_area": "2020-01-01",
            "date_institute": "2020-01-01"
        }
    },
    {
        "model": "user.history",
        "pk": 18,
        "fields": {
            "birth": "1985-01-11",
            "date_career": "2000-01-01",
            "date_campus": "2019-10-10",
            "date_professor": "2003-03-01",
            "date_area": "2000-01-01",
            "date_institute": "2000-01-01"
        }
    },
    {
        "model": "user.history",
        "pk": 19,
        "fields": {
            "birth": "2005-03-14",
            "date_career": "2023-03-10",
            "date_campus": "2020-01-01",
            "date_professor": "2023-03-10",
            "date_area": "2020-01-01",
            "date_institute": "2020-01-01"
        }
    },
    {
        "model": "user.history",
        "pk": 20,
        "fields": {
            "birth": "1980-02-02",
            "date_career": "1996-04-01",
            "date_campus": "2000-03-10",
            "date_professor": "2002-03-10",
            "date_area": "1996-04-01",
            "date_institute": "1996-04-01"
        }
    },
    {
        "model": "user.history",
        "pk": 21,
        "fields": {
            "birth": "1970-01-01",
            "date_career": "1988-02-01",
            "date_campus": "1992-03-10",
            "date_professor": "1992-02-22",
            "date_area": "1988-02-01",
            "date_institute": "1992-02-22"
        }
    },
    {
        "model": "user.history",
        "pk": 22,
        "fields": {
            "birth": "1970-01-01",
            "date_career": "1988-02-01",
            "date_campus": "1992-03-10",
            "date_professor": "1992-02-22",
            "date_area": "1988-02-01",
            "date_institute": "1988-02-01"
        }
    },
    {
        "model": "user.history",
        "pk": 23,
        "fields": {
            "birth": "1982-07-02",
            "date_career": "1998-10-10",
            "date_campus": "2001-09-10",
            "date_professor": "2008-03-10",
            "date_area": "2008-03-10",
            "date_institute": "2008-03-10"
        }
    },
    {
        "model": "user.history",
        "pk": 24,
        "fields": {
            "birth": "1972-03-29",
            "date_career": "1990-02-01",
            "date_campus": "2000-02-01",
            "date_professor": "2000-02-01",
            "date_area": "2000-02-01",
            "date_institute": "2000-02-01"
        }
    },
    {
        "model": "user.history",
        "pk": 25,
        "fields": {
            "birth": "1978-11-03",
            "date_career": "1997-02-20",
            "date_campus": "2000-03-10",
            "date_professor": "2000-03-10",
            "date_area": "2000-03-10",
            "date_institute": "2000-03-10"
        }
    },
    {
        "model": "user.history",
        "pk": 26,
        "fields": {
            "birth": "1980-06-24",
            "date_career": "2000-05-20",
            "date_campus": "2002-01-01",
            "date_professor": "2002-01-01",
            "date_area": "2002-01-01",
            "date_institute": "2002-01-01"
        }
    },
    {
        "model": "user.history",
        "pk": 27,
        "fields": {
            "birth": "1982-08-30",
            "date_career": "2001-03-10",
            "date_campus": "2001-03-10",
            "date_professor": "2001-03-10",
            "date_area": "2001-03-10",
            "date_institute": "2001-03-10"
        }
    },
    {
        "model": "user.history",
        "pk": 28,
        "fields": {
            "birth": "1988-03-31",
            "date_career": "2009-09-10",
            "date_campus": "2011-09-10",
            "date_professor": "2009-09-10",
            "date_area": "2009-09-10",
            "date_institute": "2009-09-10"
        }
    },
    {
        "model": "user.history",
        "pk": 29,
        "fields": {
            "birth": "1990-07-07",
            "date_career": "2010-09-09",
            "date_campus": "2020-03-10",
            "date_professor": "2013-02-01",
            "date_area": "2010-09-09",
            "date_institute": "2010-09-09"
        }
    },
    {
        "model": "user.history",
        "pk": 30,
        "fields": {
            "birth": "1987-08-08",
            "date_career": "2004-09-10",
            "date_campus": "2009-03-10",
            "date_professor": "2007-03-10",
            "date_area": "2004-09-10",
            "date_institute": "2004-09-10"
        }
    },
    {
        "model": "user.history",
        "pk": 31,
        "fields": {
            "birth": "1990-11-11",
            "date_career": "2017-03-20",
            "date_campus": "2021-05-06",
            "date_professor": "2021-05-06",
            "date_area": "2019-03-10",
            "date_institute": "2019-03-10"
        }
    },
    {
        "model": "user.history",
        "pk": 32,
        "fields": {
            "birth": "1989-08-08",
            "date_career": "2013-06-26",
            "date_campus": "2018-09-10",
            "date_professor": "2015-03-01",
            "date_area": "2013-06-26",
            "date_institute": "2013-06-26"
        }
    },
    {
        "model": "user.history",
        "pk": 33,
        "fields": {
            "birth": "1988-08-02",
            "date_career": "2000-05-03",
            "date_campus": "2000-09-02",
            "date_professor": "2000-09-02",
            "date_area": "2000-09-02",
            "date_institute": "2000-09-02"
        }
    },
    {
        "model": "user.history",
        "pk": 34,
        "fields": {
            "birth": "1988-08-02",
            "date_career": "2000-05-03",
            "date_campus": "2000-09-02",
            "date_professor": "2000-09-02",
            "date_area": "2000-09-02",
            "date_institute": "2000-09-02"
        }
    },
    {
        "model": "user.history",
        "pk": 35,
        "fields": {
            "birth": "1920-07-04",
            "date_career": "1940-03-06",
            "date_campus": "1941-06-29",
            "date_professor": "1940-07-29",
            "date_area": "1940-04-29",
            "date_institute": "1940-04-29"
        }
    },
    {
        "model": "user.history",
        "pk": 36,
        "fields": {
            "birth": "1950-07-04",
            "date_career": "1970-07-04",
            "date_campus": "1971-07-01",
            "date_professor": "1971-07-01",
            "date_area": "1970-07-04",
            "date_institute": "1970-07-04"
        }
    },
    {
        "model": "user.history",
        "pk": 37,
        "fields": {
            "birth": "1950-05-29",
            "date_career": "1971-12-31",
            "date_campus": "1971-12-31",
            "date_professor": "1971-12-31",
            "date_area": "1971-12-31",
            "date_institute": "1971-12-31"
        }
    },
    {
        "model": "user.history",
        "pk": 38,
        "fields": {
            "birth": "1970-05-04",
            "date_career": "1988-03-20",
            "date_campus": "2020-09-10",
            "date_professor": "2000-03-10",
            "date_area": "1988-03-20",
            "date_institute": "1988-03-20"
        }
    },
    {
        "model": "user.history",
        "pk": 39,
        "fields": {
            "birth": "1990-03-01",
            "date_career": "1995-03-01",
            "date_campus": "2000-04-01",
            "date_professor": "2000-04-02",
            "date_area": "1995-03-01",
            "date_institute": "1995-03-01"
        }
    },
    {
        "model": "user.history",
        "pk": 40,
        "fields": {
            "birth": "1989-10-20",
            "date_career": "2008-01-01",
            "date_campus": "2022-03-10",
            "date_professor": "2019-03-10",
            "date_area": "2012-01-01",
            "date_institute": "2012-01-01"
        }
    },
    {
        "model": "user.history",
        "pk": 41,
        "fields": {
            "birth": "1990-03-27",
            "date_career": "2020-03-10",
            "date_campus": "2020-03-10",
            "date_professor": "2020-03-10",
            "date_area": "2020-03-10",
            "date_institute": "2020-03-10"
        }
    },
    {
        "model": "user.history",
        "pk": 42,
        "fields": {
            "birth": "1986-09-19",
            "date_career": "2003-09-20",
            "date_campus": "2019-09-10",
            "date_professor": "2010-04-10",
            "date_area": "2005-05-05",
            "date_institute": "2005-05-05"
        }
    },
    {
        "model": "user.history",
        "pk": 43,
        "fields": {
            "birth": "1988-02-13",
            "date_career": "2005-03-10",
            "date_campus": "2007-09-10",
            "date_professor": "2008-09-10",
            "date_area": "2005-03-10",
            "date_institute": "2005-03-10"
        }
    },
    {
        "model": "user.history",
        "pk": 44,
        "fields": {
            "birth": "1955-09-29",
            "date_career": "1975-10-28",
            "date_campus": "1975-10-28",
            "date_professor": "1975-10-28",
            "date_area": "1975-10-28",
            "date_institute": "1975-10-28"
        }
    },
    {
        "model": "user.history",
        "pk": 45,
        "fields": {
            "birth": "1989-04-30",
            "date_career": "2020-04-20",
            "date_campus": "2022-09-10",
            "date_professor": "2022-09-10",
            "date_area": "2020-04-20",
            "date_institute": "2020-04-20"
        }
    },
    {
        "model": "user.history",
        "pk": 46,
        "fields": {
            "birth": "1991-07-18",
            "date_career": "2001-03-10",
            "date_campus": "2002-03-10",
            "date_professor": "2004-09-10",
            "date_area": "2001-03-10",
            "date_institute": "2001-03-10"
        }
    },
    {
        "model": "user.history",
        "pk": 47,
        "fields": {
            "birth": "1923-09-03",
            "date_career": "1950-09-03",
            "date_campus": "1950-09-03",
            "date_professor": "1950-09-03",
            "date_area": "1950-09-03",
            "date_institute": "1950-09-03"
        }
    },
    {
        "model": "user.history",
        "pk": 48,
        "fields": {
            "birth": "1923-09-03",
            "date_career": "1950-09-03",
            "date_campus": "1950-09-03",
            "date_professor": "1950-09-03",
            "date_area": "1950-09-03",
            "date_institute": "1950-09-03"
        }
    },
    {
        "model": "user.history",
        "pk": 49,
        "fields": {
            "birth": "1923-09-03",
            "date_career": "1950-09-03",
            "date_campus": "1950-09-03",
            "date_professor": "1950-09-03",
            "date_area": "1950-09-03",
            "date_institute": "1950-09-03"
        }
    },
    {
        "model": "user.history",
        "pk": 50,
        "fields": {
            "birth": "1991-01-02",
            "date_career": "2001-10-10",
            "date_campus": "2020-09-10",
            "date_professor": "2020-09-10",
            "date_area": "2011-05-30",
            "date_institute": "2011-05-30"
        }
    },
    {
        "model": "user.history",
        "pk": 51,
        "fields": {
            "birth": "1969-08-03",
            "date_career": "1980-09-30",
            "date_campus": "1980-09-30",
            "date_professor": "1980-09-30",
            "date_area": "1980-09-30",
            "date_institute": "1980-09-30"
        }
    },
    {
        "model": "user.history",
        "pk": 52,
        "fields": {
            "birth": "1992-02-29",
            "date_career": "2010-03-10",
            "date_campus": "2015-09-10",
            "date_professor": "2014-09-10",
            "date_area": "2010-03-10",
            "date_institute": "2010-03-10"
        }
    },
    {
        "model": "user.history",
        "pk": 53,
        "fields": {
            "birth": "1970-03-14",
            "date_career": "1990-07-27",
            "date_campus": "1990-07-27",
            "date_professor": "1990-07-27",
            "date_area": "1990-07-27",
            "date_institute": "1990-07-27"
        }
    },
    {
        "model": "user.history",
        "pk": 54,
        "fields": {
            "birth": "1989-09-09",
            "date_career": "2015-08-18",
            "date_campus": "2017-03-10",
            "date_professor": "2015-09-10",
            "date_area": "2015-08-18",
            "date_institute": "2015-08-18"
        }
    },
    {
        "model": "user.history",
        "pk": 55,
        "fields": {
            "birth": "1972-09-04",
            "date_career": "2001-11-03",
            "date_campus": "2001-11-03",
            "date_professor": "2001-11-03",
            "date_area": "1990-08-03",
            "date_institute": "1990-08-03"
        }
    },
    {
        "model": "user.history",
        "pk": 56,
        "fields": {
            "birth": "1993-08-08",
            "date_career": "2015-02-28",
            "date_campus": "2021-03-10",
            "date_professor": "2021-03-10",
            "date_area": "2015-02-28",
            "date_institute": "2015-02-28"
        }
    },
    {
        "model": "user.history",
        "pk": 57,
        "fields": {
            "birth": "1920-07-05",
            "date_career": "1960-07-02",
            "date_campus": "1960-07-02",
            "date_professor": "1960-07-02",
            "date_area": "1960-07-02",
            "date_institute": "1960-07-02"
        }
    },
    {
        "model": "user.history",
        "pk": 58,
        "fields": {
            "birth": "1990-09-23",
            "date_career": "2008-03-31",
            "date_campus": "2020-05-05",
            "date_professor": "2020-05-05",
            "date_area": "2008-03-31",
            "date_institute": "2008-03-31"
        }
    },
    {
        "model": "user.history",
        "pk": 59,
        "fields": {
            "birth": "1942-10-29",
            "date_career": "1952-08-27",
            "date_campus": "1952-08-27",
            "date_professor": "1952-08-27",
            "date_area": "1952-08-27",
            "date_institute": "1952-08-27"
        }
    },
    {
        "model": "user.history",
        "pk": 60,
        "fields": {
            "birth": "1991-02-02",
            "date_career": "2011-09-09",
            "date_campus": "2019-03-10",
            "date_professor": "2019-03-10",
            "date_area": "2011-09-09",
            "date_institute": "2011-09-09"
        }
    },
    {
        "model": "user.history",
        "pk": 61,
        "fields": {
            "birth": "1975-03-14",
            "date_career": "2002-05-01",
            "date_campus": "2002-05-01",
            "date_professor": "2002-05-01",
            "date_area": "2002-05-01",
            "date_institute": "2002-05-01"
        }
    },
    {
        "model": "user.history",
        "pk": 62,
        "fields": {
            "birth": "1975-03-14",
            "date_career": "2002-05-01",
            "date_campus": "2002-05-01",
            "date_professor": "2002-05-01",
            "date_area": "2002-05-01",
            "date_institute": "2002-05-01"
        }
    },
    {
        "model": "user.history",
        "pk": 63,
        "fields": {
            "birth": "1993-03-07",
            "date_career": "2010-02-27",
            "date_campus": "2019-03-10",
            "date_professor": "2010-02-27",
            "date_area": "2013-04-18",
            "date_institute": "2013-04-18"
        }
    },
    {
        "model": "user.history",
        "pk": 64,
        "fields": {
            "birth": "1992-08-31",
            "date_career": "2010-03-03",
            "date_campus": "2018-03-10",
            "date_professor": "2012-05-20",
            "date_area": "2010-03-03",
            "date_institute": "2010-03-03"
        }
    },
    {
        "model": "user.history",
        "pk": 65,
        "fields": {
            "birth": "1980-06-27",
            "date_career": "2005-04-01",
            "date_campus": "2005-04-01",
            "date_professor": "2005-04-01",
            "date_area": "2005-04-01",
            "date_institute": "2005-04-01"
        }
    },
    {
        "model": "user.history",
        "pk": 66,
        "fields": {
            "birth": "1980-06-27",
            "date_career": "2005-04-01",
            "date_campus": "2005-04-01",
            "date_professor": "2005-04-01",
            "date_area": "2005-04-01",
            "date_institute": "2005-04-01"
        }
    },
    {
        "model": "user.history",
        "pk": 67,
        "fields": {
            "birth": "1991-03-20",
            "date_career": "2011-02-03",
            "date_campus": "2019-03-10",
            "date_professor": "2011-02-03",
            "date_area": "2012-09-10",
            "date_institute": "2012-09-10"
        }
    },
    {
        "model": "user.history",
        "pk": 68,
        "fields": {
            "birth": "2004-04-01",
            "date_career": "2019-03-29",
            "date_campus": "2019-03-29",
            "date_professor": "2019-03-29",
            "date_area": "2019-03-29",
            "date_institute": "2019-03-29"
        }
    },
    {
        "model": "user.academicdegree",
        "pk": 1,
        "fields": {
            "name": "DOUTORADO",
            "punctuation": 5
        }
    },
    {
        "model": "user.academicdegree",
        "pk": 2,
        "fields": {
            "name": "MESTRADO",
            "punctuation": 4
        }
    },
    {
        "model": "user.academicdegree",
        "pk": 3,
        "fields": {
            "name": "LICENCIATURA",
            "punctuation": 3
        }
    },
    {
        "model": "user.academicdegree",
        "pk": 4,
        "fields": {
            "name": "BACHARELADO",
            "punctuation": 2
        }
    },
    {
        "model": "user.academicdegree",
        "pk": 5,
        "fields": {
            "name": "CURSO LATO SENSU",
            "punctuation": 1
        }
    },
    {
        "model": "user.academicdegree",
        "pk": 6,
        "fields": {
            "name": "TCNICO",
            "punctuation": 1
        }
    },
    {
        "model": "user.job",
        "pk": 15,
        "fields": {
            "name_job": "TWENTY_HOURS"
        }
    },
    {
        "model": "user.job",
        "pk": 44,
        "fields": {
            "name_job": "TWENTY_HOURS"
        }
    },
    {
        "model": "user.job",
        "pk": 47,
        "fields": {
            "name_job": "RDE"
        }
    },
    {
        "model": "user.job",
        "pk": 50,
        "fields": {
            "name_job": "RDE"
        }
    },
    {
        "model": "user.job",
        "pk": 62,
        "fields": {
            "name_job": "RDE"
        }
    },
    {
        "model": "user.job",
        "pk": 70,
        "fields": {
            "name_job": "RDE"
        }
    },
    {
        "model": "user.job",
        "pk": 72,
        "fields": {
            "name_job": "RDE"
        }
    },
    {
        "model": "user.job",
        "pk": 74,
        "fields": {
            "name_job": "RDE"
        }
    },
    {
        "model": "user.job",
        "pk": 76,
        "fields": {
            "name_job": "RDE"
        }
    },
    {
        "model": "user.job",
        "pk": 80,
        "fields": {
            "name_job": "RDE"
        }
    },
    {
        "model": "user.job",
        "pk": 105,
        "fields": {
            "name_job": "RDE"
        }
    },
    {
        "model": "user.job",
        "pk": 121,
        "fields": {
            "name_job": "TWENTY_HOURS"
        }
    },
    {
        "model": "user.job",
        "pk": 123,
        "fields": {
            "name_job": "RDE"
        }
    },
    {
        "model": "user.job",
        "pk": 134,
        "fields": {
            "name_job": "RDE"
        }
    },
    {
        "model": "user.job",
        "pk": 136,
        "fields": {
            "name_job": "FORTY_HOURS"
        }
    },
    {
        "model": "user.job",
        "pk": 137,
        "fields": {
            "name_job": "RDE"
        }
    },
    {
        "model": "user.job",
        "pk": 138,
        "fields": {
            "name_job": "RDE"
        }
    },
    {
        "model": "user.job",
        "pk": 139,
        "fields": {
            "name_job": "RDE"
        }
    },
    {
        "model": "user.job",
        "pk": 140,
        "fields": {
            "name_job": "RDE"
        }
    },
    {
        "model": "user.job",
        "pk": 141,
        "fields": {
            "name_job": "SUBSTITUTE"
        }
    },
    {
        "model": "user.job",
        "pk": 148,
        "fields": {
            "name_job": "SUBSTITUTE"
        }
    },
    {
        "model": "user.job",
        "pk": 152,
        "fields": {
            "name_job": "TWENTY_HOURS"
        }
    },
    {
        "model": "user.job",
        "pk": 153,
        "fields": {
            "name_job": "FORTY_HOURS"
        }
    },
    {
        "model": "user.job",
        "pk": 157,
        "fields": {
            "name_job": "TEMPORARY"
        }
    },
    {
        "model": "user.job",
        "pk": 166,
        "fields": {
            "name_job": "RDE"
        }
    },
    {
        "model": "user.job",
        "pk": 170,
        "fields": {
            "name_job": "FORTY_HOURS"
        }
    },
    {
        "model": "user.job",
        "pk": 187,
        "fields": {
            "name_job": "RDE"
        }
    },
    {
        "model": "user.job",
        "pk": 188,
        "fields": {
            "name_job": "TEMPORARY"
        }
    },
    {
        "model": "user.job",
        "pk": 189,
        "fields": {
            "name_job": "RDE"
        }
    },
    {
        "model": "user.job",
        "pk": 190,
        "fields": {
            "name_job": "RDE"
        }
    },
    {
        "model": "user.job",
        "pk": 191,
        "fields": {
            "name_job": "RDE"
        }
    },
    {
        "model": "user.job",
        "pk": 192,
        "fields": {
            "name_job": "RDE"
        }
    },
    {
        "model": "user.job",
        "pk": 193,
        "fields": {
            "name_job": "RDE"
        }
    },
    {
        "model": "user.job",
        "pk": 194,
        "fields": {
            "name_job": "TEMPORARY"
        }
    },
    {
        "model": "user.job",
        "pk": 195,
        "fields": {
            "name_job": "RDE"
        }
    },
    {
        "model": "user.job",
        "pk": 196,
        "fields": {
            "name_job": "TEMPORARY"
        }
    },
    {
        "model": "user.job",
        "pk": 197,
        "fields": {
            "name_job": "RDE"
        }
    },
    {
        "model": "user.job",
        "pk": 198,
        "fields": {
            "name_job": "RDE"
        }
    },
    {
        "model": "user.job",
        "pk": 199,
        "fields": {
            "name_job": "RDE"
        }
    },
    {
        "model": "user.job",
        "pk": 200,
        "fields": {
            "name_job": "RDE"
        }
    },
    {
        "model": "user.job",
        "pk": 202,
        "fields": {
            "name_job": "FORTY_HOURS"
        }
    },
    {
        "model": "user.job",
        "pk": 203,
        "fields": {
            "name_job": "RDE"
        }
    },
    {
        "model": "user.job",
        "pk": 204,
        "fields": {
            "name_job": "SUBSTITUTE"
        }
    },
    {
        "model": "user.job",
        "pk": 205,
        "fields": {
            "name_job": "RDE"
        }
    },
    {
        "model": "user.job",
        "pk": 206,
        "fields": {
            "name_job": "SUBSTITUTE"
        }
    },
    {
        "model": "user.job",
        "pk": 207,
        "fields": {
            "name_job": "RDE"
        }
    },
    {
        "model": "user.job",
        "pk": 209,
        "fields": {
            "name_job": "SUBSTITUTE"
        }
    },
    {
        "model": "user.job",
        "pk": 210,
        "fields": {
            "name_job": "RDE"
        }
    },
    {
        "model": "user.job",
        "pk": 211,
        "fields": {
            "name_job": "FORTY_HOURS"
        }
    },
    {
        "model": "user.job",
        "pk": 213,
        "fields": {
            "name_job": "RDE"
        }
    },
    {
        "model": "user.job",
        "pk": 214,
        "fields": {
            "name_job": "RDE"
        }
    },
    {
        "model": "user.job",
        "pk": 215,
        "fields": {
            "name_job": "TWENTY_HOURS"
        }
    },
    {
        "model": "user.job",
        "pk": 216,
        "fields": {
            "name_job": "TWENTY_HOURS"
        }
    },
    {
        "model": "user.job",
        "pk": 218,
        "fields": {
            "name_job": "TWENTY_HOURS"
        }
    },
    {
        "model": "user.job",
        "pk": 219,
        "fields": {
            "name_job": "TWENTY_HOURS"
        }
    },
    {
        "model": "user.job",
        "pk": 220,
        "fields": {
            "name_job": "TWENTY_HOURS"
        }
    }
]